,1,2,3,4,5,6,7,8,9,10,11,12,13,14,15,16,17,18,19,20,21,22,23,24,completed sets
count,123.0,215.0,330.0,355.0,355.0,361.0,307.0,337.0,357.0,373.0,359.0,312.0,334.0,348.0,302.0,318.0,353.0,341.0,360.0,343.0,356.0,341.0,333.0,245.0,500.0
mean,27.0,54.2,99.8,117.2,111.2,117.20000000000002,86.8,109.20000000000003,120.4,118.39999999999999,117.19999999999999,86.8,100.0,110.60000000000001,86.6,102.2,110.20000000000002,108.0,115.2,112.60000000000002,118.20000000000002,110.00000000000003,102.40000000000002,58.6,0.6465
std,7.977303870931603,23.40744350019782,48.0599549574978,58.30038133045817,55.099109470179094,59.04487558910877,38.52420340988264,54.95599971578995,60.884674553664304,55.02906954168547,58.72244343629181,38.484633422267414,50.39129530625942,54.688154442358346,37.52415833129053,51.00333631692551,49.485930048118455,52.42040016006342,55.90026933227257,57.81197188789925,60.21082584797999,53.96796435359211,46.9200499183169,19.98675791125911,0.06244770691438073
min,24.6,43.0,66.0,71.0,71.0,72.2,61.4,67.4,71.39999999999999,74.6,71.8,62.4,66.8,69.6,60.4,63.6,70.6,68.2,72.0,68.60000000000001,71.2,68.2,66.60000000000001,49.0,0.4583333333333333
25%,24.6,43.0,66.0,71.0,71.0,72.2,61.4,67.4,71.39999999999999,74.6,71.8,62.4,66.8,69.6,60.4,63.6,70.6,68.2,72.0,68.60000000000001,71.2,68.2,66.60000000000001,49.0,0.5833333333333334
50%,24.6,43.0,66.0,71.0,71.0,72.2,61.4,67.4,71.39999999999999,74.6,71.8,62.4,66.8,69.6,60.4,63.6,70.6,68.2,72.0,68.60000000000001,71.2,68.2,66.60000000000001,49.0,0.625
75%,24.6,43.0,132.0,142.0,142.0,144.4,122.8,134.8,142.79999999999998,149.2,143.6,124.8,133.6,139.2,120.8,127.2,141.2,136.4,144.0,137.20000000000002,142.4,136.4,133.20000000000002,49.0,0.7083333333333334
max,73.8,129.0,264.0,284.0,355.0,361.0,245.6,337.0,357.0,298.4,359.0,187.2,334.00000000000006,347.99999999999994,241.6,318.0,282.4,341.0,359.99999999999994,343.0,427.20000000000005,341.0,266.40000000000003,147.0,0.875
packs,4.0,4.0,4.0,4.0,4.0,4.0,4.0,4.0,4.0,4.0,4.0,4.0,4.0,4.0,4.0,4.0,4.0,4.0,4.0,4.0,4.0,4.0,4.0,4.0,4.0
count,147.0,265.0,357.0,381.0,385.0,367.0,358.0,386.0,372.0,413.0,404.0,355.0,378.0,398.0,361.0,381.0,390.0,397.0,396.0,378.0,382.0,393.0,404.0,243.0,500.0
mean,33.6,68.2,126.39999999999999,134.40000000000003,132.6,135.8,109.2,138.40000000000003,128.60000000000002,146.6,143.60000000000002,114.2,129.2,148.20000000000002,110.4,135.40000000000003,143.4,145.6,149.80000000000004,134.6,142.8,137.6,147.0,64.4,0.72425
std,11.92000735496693,27.3309126792134,66.9668708971295,69.56883603574535,68.4280796408414,65.19617978013356,50.45464113760922,68.3081847504097,69.4825014330287,73.0295391758226,74.42870387355786,55.27718545329907,66.53262776284413,76.15702590344792,51.60947802702738,67.48357460971717,70.61462813709971,76.85569976168708,73.73091548824128,66.84925041589553,74.41462334769291,66.377187499985,73.97665784358738,28.1720804290787,0.06169567057006298
min,29.4,53.0,71.39999999999999,76.2,77.0,73.4,71.6,77.2,74.4,82.6,80.80000000000001,71.0,75.6,79.60000000000001,72.2,76.2,78.0,79.4,79.2,75.6,76.4,78.60000000000001,80.80000000000001,48.6,0.5833333333333334
25%,29.4,53.0,71.39999999999999,76.2,77.0,73.4,71.6,77.2,74.4,82.6,80.80000000000001,71.0,75.6,79.60000000000001,72.2,76.2,78.0,79.4,79.2,75.6,76.4,78.60000000000001,80.80000000000001,48.6,0.6666666666666666
50%,29.4,53.0,142.79999999999998,152.4,77.0,146.8,71.6,154.4,74.4,165.2,161.60000000000002,71.0,75.6,159.20000000000002,72.2,152.4,156.0,158.8,158.4,151.2,152.8,157.20000000000002,161.60000000000002,48.6,0.7083333333333334
75%,29.4,106.0,142.79999999999998,152.4,154.0,146.8,143.2,154.4,148.8,165.2,161.60000000000002,142.0,151.2,159.20000000000002,144.4,152.4,156.0,158.8,237.60000000000002,151.2,152.8,157.20000000000002,161.60000000000002,97.2,0.75
max,88.19999999999999,212.0,428.4,457.2,385.0,367.0,286.4,386.00000000000006,446.40000000000003,413.0,565.6,284.0,453.59999999999997,398.00000000000006,288.8,381.0,390.00000000000006,476.40000000000003,316.8,378.0,382.0,393.0,484.80000000000007,194.4,0.875
packs,5.0,5.0,5.0,5.0,5.0,5.0,5.0,5.0,5.0,5.0,5.0,5.0,5.0,5.0,5.0,5.0,5.0,5.0,5.0,5.0,5.0,5.0,5.0,5.0,5.0
count,162.0,331.0,397.0,413.0,435.0,422.0,392.0,438.0,410.0,426.0,420.0,378.0,414.0,423.0,369.0,408.0,427.0,416.0,429.0,410.0,427.0,415.0,395.0,292.0,500.0
mean,36.4,96.4,156.00000000000003,163.20000000000002,170.2,172.2,132.4,176.2,157.2,174.60000000000002,164.4,131.6,161.99999999999997,176.19999999999993,120.8,158.6,171.0,177.39999999999998,171.39999999999998,158.6,170.60000000000002,167.0,153.2,82.39999999999999,0.7874166666666667
std,12.38656856217014,46.684735030291066,81.13607101777865,84.94817609201048,88.80252518516956,87.09497805212557,63.19325290152594,92.4703319358675,82.61723684535134,86.48976709278796,86.58921206927594,62.12608724344686,85.96890028365273,90.61153374374238,57.74978825483485,77.77136022820014,83.06237262731466,83.47304593454322,86.09994301342996,82.42214078118539,89.60627178753712,84.87731982272916,78.04601662263039,36.017254360706744,0.05790705732386296
min,32.4,66.2,79.4,82.6,87.0,84.39999999999999,78.4,87.6,82.0,85.2,84.0,75.6,82.8,84.6,73.8,81.6,85.39999999999999,83.2,85.8,82.0,85.39999999999999,83.0,79.0,58.4,0.625
25%,32.4,66.2,79.4,82.6,87.0,84.39999999999999,78.4,87.6,82.0,85.2,84.0,75.6,82.8,84.6,73.8,81.6,85.39999999999999,83.2,85.8,82.0,85.39999999999999,83.0,79.0,58.4,0.75
50%,32.4,66.2,158.8,165.2,174.0,168.79999999999998,78.4,175.2,164.0,170.4,168.0,151.2,165.6,169.2,73.8,163.2,170.79999999999998,166.4,171.6,164.0,170.79999999999998,166.0,158.0,58.4,0.7916666666666666
75%,32.4,132.4,158.8,247.79999999999998,261.0,253.2,156.8,262.8,164.0,255.6,252.0,151.2,165.6,253.79999999999998,147.6,244.79999999999998,256.2,249.6,257.4,225.5,256.2,248.99999999999997,237.0,116.8,0.8333333333333334
max,97.2,264.8,476.40000000000003,495.59999999999997,522.0,506.4,392.0,700.8,492.0,511.2,504.0,302.4,579.5999999999999,507.59999999999997,369.0,408.0,512.4,416.0,429.0,409.99999999999994,426.99999999999994,414.99999999999994,474.0,233.6,1.0
packs,6.0,6.0,6.0,6.0,6.0,6.0,6.0,6.0,6.0,6.0,6.0,6.0,6.0,6.0,6.0,6.0,6.0,6.0,6.0,6.0,6.0,6.0,6.0,6.0,6.0
count,185.0,336.0,430.0,450.0,433.0,442.0,402.0,423.0,425.0,449.0,428.0,417.0,424.0,427.0,427.0,441.0,453.0,434.0,456.0,435.0,439.0,434.0,429.0,344.0,500.0
mean,44.0,106.0,186.4,194.2,202.6,201.40000000000003,150.0,187.59999999999997,184.6,202.79999999999998,191.79999999999998,144.0,180.6,188.0,158.6,199.2,203.0,200.19999999999996,210.40000000000006,199.0,193.79999999999998,186.79999999999998,187.6,97.39999999999998,0.83025
std,17.332741071263893,51.13690141734405,92.65313915785151,104.71258786748831,102.66070329001256,98.97050569605283,73.01823637210617,99.18011190332665,95.6104024497532,96.75023348070758,100.80884872502332,73.69711402344474,95.80065591507642,96.0324827674411,79.83461896305715,100.08153040033274,102.34374405357005,104.05319389309177,114.16664742653778,102.72613584757832,95.86267861209038,96.92991492035117,98.7616133003215,46.924202884295546,0.06004450540810418
min,37.0,67.2,86.0,90.0,86.6,88.4,80.4,84.6,85.0,89.8,85.6,83.39999999999999,84.8,85.39999999999999,85.39999999999999,88.2,90.60000000000001,86.8,91.2,87.0,87.8,86.8,85.8,68.8,0.6666666666666666
25%,37.0,67.2,86.0,90.0,86.6,88.4,80.4,84.6,85.0,89.8,85.6,83.39999999999999,84.8,85.39999999999999,85.39999999999999,88.2,90.60000000000001,86.8,91.2,87.0,87.8,86.8,85.8,68.8,0.7916666666666666
50%,37.0,67.2,172.0,180.0,173.2,176.8,160.8,169.2,170.0,179.6,171.2,166.79999999999998,169.6,170.79999999999998,170.79999999999998,176.4,181.20000000000002,173.6,182.4,174.0,175.6,173.6,171.6,68.8,0.8333333333333334
75%,37.0,134.4,258.0,270.0,259.8,265.2,160.8,253.79999999999998,254.99999999999997,269.4,256.8,166.79999999999998,254.4,256.2,170.79999999999998,264.59999999999997,271.8,260.40000000000003,273.6,261.0,263.4,260.40000000000003,257.4,137.6,0.875
max,110.99999999999999,268.8,516.0,540.0,606.2,530.4,321.6,676.8,595.0,538.8,513.6,417.0,508.8,512.4,426.99999999999994,529.1999999999999,543.6,520.8000000000001,638.4000000000001,609.0,526.8,520.8000000000001,514.8,343.99999999999994,1.0
packs,7.0,7.0,7.0,7.0,7.0,7.0,7.0,7.0,7.0,7.0,7.0,7.0,7.0,7.0,7.0,7.0,7.0,7.0,7.0,7.0,7.0,7.0,7.0,7.0,7.0
count,193.0,365.0,443.0,446.0,448.0,462.0,433.0,457.0,443.0,467.0,444.0,420.0,448.0,455.0,439.0,434.0,467.0,456.0,466.0,452.0,457.0,447.0,454.0,359.0,500.0
mean,46.2,118.2,215.20000000000002,216.8,218.8,229.0,177.0,225.00000000000003,212.8,233.0,219.19999999999996,171.2,220.20000000000002,229.6,175.19999999999996,211.0,228.8,237.20000000000002,241.60000000000002,212.00000000000003,223.8,211.2,214.80000000000004,112.2,0.8629166666666667
std,16.83414189477246,58.53843482403977,106.98859160224362,109.88737196263243,111.19964592028349,119.05090400343337,93.92451066523427,112.07088530627985,110.89852032355866,121.66617171200791,113.56587412262991,87.95555397438149,112.69991593366049,117.54576576150308,86.58798149173352,103.73366946241983,114.10995751218854,120.73029646081585,124.70674762508165,113.1179428835996,118.54226650173524,110.16838152117656,111.35435473245218,53.17250728267623,0.055047182753549244
min,38.6,73.0,88.6,89.2,89.60000000000001,92.4,86.6,91.4,88.6,93.4,88.8,84.0,89.60000000000001,91.0,87.8,86.8,93.4,91.2,93.2,90.4,91.4,89.4,90.8,71.8,0.7083333333333334
25%,38.6,73.0,177.2,89.2,89.60000000000001,92.4,86.6,182.8,88.6,93.4,88.8,84.0,89.60000000000001,182.0,87.8,86.8,186.8,182.4,186.4,90.4,91.4,89.4,90.8,71.8,0.8333333333333334
50%,38.6,73.0,177.2,178.4,179.20000000000002,184.8,173.2,182.8,177.2,186.8,177.6,168.0,179.20000000000002,182.0,175.6,173.6,186.8,182.4,186.4,180.8,182.8,178.8,181.6,71.8,0.875
75%,38.6,146.0,265.8,267.6,268.8,277.20000000000005,259.8,274.2,265.8,280.2,266.40000000000003,252.0,268.8,273.0,263.4,260.40000000000003,280.2,273.6,279.6,271.20000000000005,274.2,268.2,272.40000000000003,143.6,0.9166666666666666
max,115.8,365.0,797.4,624.4,627.2,646.8,606.2,639.8000000000001,708.8,653.8000000000001,621.6,504.0,806.4,728.0,438.99999999999994,520.8000000000001,560.4,638.4000000000001,838.8,632.8000000000001,731.2,715.2,544.8000000000001,359.0,1.0
packs,8.0,8.0,8.0,8.0,8.0,8.0,8.0,8.0,8.0,8.0,8.0,8.0,8.0,8.0,8.0,8.0,8.0,8.0,8.0,8.0,8.0,8.0,8.0,8.0,8.0
count,214.0,372.0,464.0,459.0,461.0,457.0,452.0,462.0,463.0,469.0,468.0,444.0,452.0,471.0,454.0,456.0,477.0,474.0,466.0,462.0,471.0,468.0,463.0,368.0,500.0
mean,53.0,131.4,237.0,249.4,254.60000000000002,242.4,203.20000000000005,243.20000000000002,240.79999999999998,258.40000000000003,242.40000000000003,184.4,238.20000000000005,270.2,202.79999999999995,237.4,268.99999999999994,260.59999999999997,263.00000000000006,243.80000000000004,256.4,247.79999999999998,245.40000000000003,125.2,0.8919166666666666
std,23.248346904733182,66.75281513794734,127.25651786487353,129.62487024834226,126.77975287533275,125.35063803643104,97.27885808642426,126.6022627302391,126.71210713755057,133.13434060967384,122.44851035176445,95.96719529799459,119.55141431697274,140.6530579952112,99.98209111159036,119.49725896897763,137.19920743578805,129.9747674325028,126.32039483209999,131.70628928697383,126.57398946272744,127.52155630849427,125.40448979444899,61.84361749221306,0.06376290304321067
min,42.8,74.4,92.80000000000001,91.8,92.2,91.4,90.4,92.4,92.60000000000001,93.8,93.60000000000001,88.8,90.4,94.19999999999999,90.8,91.2,95.39999999999999,94.8,93.2,92.4,94.19999999999999,93.60000000000001,92.60000000000001,73.6,0.7083333333333334
25%,42.8,74.4,185.60000000000002,183.6,184.4,182.8,90.4,184.8,185.20000000000002,187.6,187.20000000000002,88.8,180.8,188.39999999999998,90.8,182.4,190.79999999999998,189.6,186.4,184.8,188.39999999999998,187.20000000000002,185.20000000000002,73.6,0.8333333333333334
50%,42.8,148.8,185.60000000000002,275.4,276.6,182.8,180.8,184.8,185.20000000000002,281.4,187.20000000000002,177.6,180.8,282.59999999999997,181.6,182.4,286.2,284.4,279.6,184.8,282.59999999999997,187.20000000000002,185.20000000000002,73.6,0.875
75%,42.8,148.8,278.40000000000003,367.2,368.8,274.2,271.20000000000005,277.20000000000005,277.8,375.2,280.8,266.40000000000003,271.20000000000005,376.79999999999995,272.40000000000003,273.6,381.59999999999997,379.2,372.8,277.20000000000005,282.59999999999997,280.8,277.8,147.2,0.9166666666666666
max,214.0,372.0,742.4000000000001,734.4,645.4000000000001,639.8000000000001,542.4000000000001,739.2,740.8000000000001,844.2,655.2,532.8000000000001,632.8000000000001,847.8,454.0,638.4000000000001,763.1999999999999,758.4,652.4,739.2,659.4,748.8000000000001,648.2,368.0,1.5
packs,9.0,9.0,9.0,9.0,9.0,9.0,9.0,9.0,9.0,9.0,9.0,9.0,9.0,9.0,9.0,9.0,9.0,9.0,9.0,9.0,9.0,9.0,9.0,9.0,9.0
count,210.0,389.0,472.0,473.0,470.0,480.0,464.0,462.0,463.0,478.0,487.0,451.0,470.0,485.0,458.0,470.0,472.0,476.0,468.0,471.0,473.0,476.0,476.0,395.0,500.0
mean,53.2,142.39999999999998,278.2,273.8,276.4,277.6,226.20000000000005,276.40000000000003,257.6,289.19999999999993,292.6,207.4,269.8,282.0,219.0,271.8,289.20000000000005,277.6,293.0,268.2,281.0,264.99999999999994,280.59999999999997,151.8,0.9143333333333332
std,24.14406521626928,70.52194657306056,138.760633685213,133.551594169013,141.33910891901547,142.69920479111542,114.6086755429938,129.38901440961493,132.012575158581,133.1783224722399,145.59755854236687,104.7243883300882,141.52234448032164,141.56029874868935,104.17088552798667,138.04385138082452,148.15215911531897,131.8144993222633,141.3520894453922,139.65316917125247,146.47511502652557,137.90341700281624,134.75261637924746,80.25000909277745,0.08864249975775945
min,42.0,77.8,94.39999999999999,94.6,94.0,96.0,92.80000000000001,92.4,92.60000000000001,95.6,97.39999999999999,90.2,94.0,97.0,91.60000000000001,94.0,94.39999999999999,95.19999999999999,93.60000000000001,94.19999999999999,94.6,95.19999999999999,95.19999999999999,79.0,0.6666666666666666
25%,42.0,77.8,188.79999999999998,189.2,188.0,192.0,92.80000000000001,184.8,185.20000000000002,191.2,194.79999999999998,90.2,188.0,194.0,183.20000000000002,188.0,188.79999999999998,190.39999999999998,187.20000000000002,188.39999999999998,189.2,190.39999999999998,190.39999999999998,79.0,0.875
50%,42.0,155.6,283.2,283.8,282.0,288.0,185.60000000000002,277.20000000000005,277.8,286.8,292.2,180.4,282.0,291.0,183.20000000000002,282.0,283.2,285.59999999999997,280.8,282.59999999999997,283.8,285.59999999999997,285.59999999999997,158.0,0.9166666666666666
75%,42.0,155.6,377.59999999999997,378.4,376.0,384.0,278.40000000000003,369.6,370.40000000000003,382.4,389.59999999999997,270.6,376.0,388.0,274.8,376.0,377.59999999999997,380.79999999999995,374.40000000000003,376.79999999999995,378.4,380.79999999999995,380.79999999999995,158.0,0.9583333333333334
max,168.0,389.0,849.5999999999999,756.8,752.0,768.0,649.6,739.2,833.4,764.8,876.6,541.2,845.9999999999999,776.0,549.6,658.0,944.0,761.5999999999999,748.8000000000001,753.5999999999999,851.4,761.5999999999999,761.5999999999999,553.0,1.75
packs,10.0,10.0,10.0,10.0,10.0,10.0,10.0,10.0,10.0,10.0,10.0,10.0,10.0,10.0,10.0,10.0,10.0,10.0,10.0,10.0,10.0,10.0,10.0,10.0,10.0
count,241.0,394.0,475.0,480.0,486.0,479.0,465.0,474.0,476.0,484.0,469.0,471.0,476.0,484.0,461.0,475.0,485.0,478.0,491.0,475.0,479.0,486.0,483.0,404.0,500.0
mean,64.19999999999999,151.79999999999998,299.0,302.4,317.79999999999995,322.8,240.8,287.4,295.4,308.2,293.2,250.6,298.4,317.8,230.8,291.4,312.0,304.59999999999997,328.20000000000005,309.6,298.4,313.20000000000005,300.19999999999993,161.8,0.92425
std,29.09419758875184,82.8910060284415,160.8990432218434,145.02847751454846,145.29403617648455,152.64706140521844,115.73142958204332,145.25864836905313,148.2545622977764,152.23667201570788,144.69056047509903,117.69166640177005,146.66557447759206,157.59566892977872,117.19741650216788,143.3887195511375,151.4744475628243,156.14046194834427,154.21971127887244,158.12171512239848,143.2439765577725,153.90835028892937,149.88486369592235,85.09644098309916,0.05768553127791586
min,48.199999999999996,78.8,95.0,96.0,97.2,95.8,93.0,94.8,95.19999999999999,96.8,93.8,94.19999999999999,95.19999999999999,96.8,92.2,95.0,97.0,95.6,98.2,95.0,95.8,97.2,96.6,80.80000000000001,0.75
25%,48.199999999999996,78.8,190.0,192.0,194.4,191.6,186.0,189.6,190.39999999999998,193.6,187.6,188.39999999999998,190.39999999999998,193.6,92.2,190.0,194.0,191.2,196.4,190.0,191.6,194.4,193.2,80.80000000000001,0.875
50%,48.199999999999996,157.6,284.99999999999994,288.0,291.59999999999997,287.4,186.0,284.4,285.59999999999997,290.4,281.4,282.59999999999997,285.59999999999997,290.4,184.4,284.99999999999994,291.0,286.8,294.59999999999997,284.99999999999994,287.4,291.59999999999997,289.79999999999995,161.60000000000002,0.9166666666666666
75%,96.39999999999999,157.6,380.0,384.0,388.8,383.2,279.0,379.2,380.79999999999995,387.2,375.2,376.79999999999995,380.79999999999995,387.2,276.6,380.0,388.0,382.4,392.8,380.0,383.2,388.8,386.4,242.40000000000003,0.9583333333333334
max,241.0,472.79999999999995,950.0,864.0,874.8,958.0,651.0000000000001,853.2,761.5999999999999,774.4,750.4,659.4,761.5999999999999,871.1999999999999,645.4000000000001,760.0,776.0,860.3999999999999,785.6,950.0,958.0,777.6,772.8,484.80000000000007,1.6666666666666667
packs,11.0,11.0,11.0,11.0,11.0,11.0,11.0,11.0,11.0,11.0,11.0,11.0,11.0,11.0,11.0,11.0,11.0,11.0,11.0,11.0,11.0,11.0,11.0,11.0,11.0
count,249.0,418.0,488.0,481.0,493.0,487.0,478.0,488.0,482.0,488.0,481.0,457.0,485.0,486.0,472.0,479.0,489.0,482.0,488.0,486.0,479.0,481.0,481.0,420.0,500.0
mean,70.60000000000001,174.2,330.59999999999997,328.40000000000003,343.0,339.6,270.59999999999997,333.8,318.79999999999995,347.0,331.6,257.0,332.8,339.0,253.2,324.59999999999997,348.59999999999997,334.8,351.19999999999993,332.0,325.2,318.20000000000005,320.8,174.4,0.947
std,35.009173912911976,88.19210446614746,163.32808719172715,162.6812256121359,160.58464171417995,159.2781639081214,124.98287614365601,156.17022040476573,154.81487462581046,164.56322178129295,161.1468527978957,118.91064019202483,167.25141662669515,162.8517403026066,120.72579940173914,161.81651678553246,165.3083274210773,150.99862289578707,160.0299930820208,163.0080799970661,157.770356921104,148.6737165742486,158.01845567316917,90.9832369359394,0.10376941620262506
min,49.8,83.6,97.6,96.2,98.6,97.39999999999999,95.6,97.6,96.39999999999999,97.6,96.2,91.4,97.0,97.2,94.39999999999999,95.8,97.8,96.39999999999999,97.6,97.2,95.8,96.2,96.2,84.0,0.7916666666666666
25%,49.8,83.6,195.2,192.4,197.2,194.79999999999998,191.2,195.2,192.79999999999998,195.2,192.4,182.8,194.0,194.4,188.79999999999998,191.6,195.6,192.79999999999998,195.2,194.4,191.6,192.4,192.4,84.0,0.9166666666666666
50%,49.8,167.2,292.8,288.6,295.8,292.2,286.8,292.8,289.2,292.8,288.6,274.2,291.0,291.59999999999997,283.2,287.4,293.40000000000003,289.2,292.8,291.59999999999997,287.4,288.6,288.6,168.0,0.9583333333333334
75%,99.6,250.8,390.4,384.8,394.4,487.0,382.4,390.4,385.59999999999997,488.0,384.8,365.6,388.0,485.99999999999994,283.2,383.2,488.99999999999994,482.0,488.0,388.8,383.2,384.8,384.8,252.0,0.9583333333333334
max,249.00000000000003,501.6,976.0,1058.1999999999998,887.4000000000001,974.0,764.8,780.8,867.6,878.3999999999999,1058.1999999999998,639.8000000000001,969.9999999999999,874.8,660.8,958.0,977.9999999999999,964.0,878.3999999999999,971.9999999999999,862.2,865.8,961.9999999999999,588.0,1.8333333333333333
packs,12.0,12.0,12.0,12.0,12.0,12.0,12.0,12.0,12.0,12.0,12.0,12.0,12.0,12.0,12.0,12.0,12.0,12.0,12.0,12.0,12.0,12.0,12.0,12.0,12.0
count,272.0,444.0,484.0,480.0,488.0,487.0,472.0,490.0,490.0,488.0,492.0,480.0,484.0,493.0,483.0,491.0,497.0,490.0,490.0,488.0,488.0,488.0,489.0,430.0,500.0
mean,80.60000000000002,194.79999999999998,348.79999999999995,355.0,366.59999999999997,356.6,270.2,367.6,348.6,376.0,363.0,284.4,342.40000000000003,375.40000000000003,287.59999999999997,342.4,385.80000000000007,358.0,376.6,380.59999999999997,353.0,347.20000000000005,356.40000000000003,182.4,0.9705
std,38.806915349803184,96.14749391901721,164.91121696962173,172.19981596376365,168.98922799588368,163.11884026495136,128.8904826511512,170.23920137580407,170.19740493384958,180.7018323015161,166.83324552566643,130.6606562746456,168.77717506824362,167.19588142124687,139.60928882768135,158.88024189717905,164.8360089261739,162.77245210920725,173.73785343957547,178.1235987372384,172.956813401057,164.5565235582753,171.92616743585114,94.10864128036471,0.14509928341842881
min,54.400000000000006,88.8,96.8,96.0,97.6,97.39999999999999,94.39999999999999,98.0,98.0,97.6,98.4,96.0,96.8,98.6,96.6,98.2,99.4,98.0,98.0,97.6,97.6,97.6,97.8,86.0,0.8333333333333334
25%,54.400000000000006,88.8,193.6,192.0,195.2,194.79999999999998,188.79999999999998,196.0,196.0,195.2,196.8,192.0,193.6,295.8,193.2,196.4,298.20000000000005,196.0,294.0,292.8,195.2,195.2,195.6,86.0,0.9166666666666666
50%,54.400000000000006,177.6,290.4,288.0,390.4,292.2,283.2,392.0,294.0,390.4,393.6,288.0,290.4,394.4,289.79999999999995,294.59999999999997,397.6,392.0,392.0,390.4,292.8,292.8,391.2,172.0,0.9583333333333334
75%,108.80000000000001,266.40000000000003,484.0,480.0,488.0,487.0,377.59999999999997,490.00000000000006,490.00000000000006,488.0,492.0,384.0,484.0,493.0,386.4,392.8,497.0,490.00000000000006,490.00000000000006,488.0,488.0,488.0,488.99999999999994,258.0,0.9583333333333334
max,272.0,532.8000000000001,871.1999999999999,1055.9999999999998,976.0,1071.4,755.1999999999999,882.0,980.0000000000001,1073.6000000000001,885.6,672.0,871.1999999999999,986.0,772.8,883.8,894.6,882.0,980.0000000000001,976.0,976.0,976.0,1075.8,516.0,1.9166666666666667
packs,13.0,13.0,13.0,13.0,13.0,13.0,13.0,13.0,13.0,13.0,13.0,13.0,13.0,13.0,13.0,13.0,13.0,13.0,13.0,13.0,13.0,13.0,13.0,13.0,13.0
count,277.0,452.0,489.0,492.0,490.0,491.0,482.0,493.0,493.0,496.0,496.0,484.0,493.0,497.0,491.0,487.0,498.0,494.0,497.0,487.0,490.0,496.0,490.0,453.0,500.0
mean,79.60000000000001,206.8,386.8,379.79999999999995,396.8,393.4,292.20000000000005,372.59999999999997,370.80000000000007,388.40000000000003,394.6000000000001,303.4,388.2,408.0,315.4,387.2,394.59999999999997,370.2,424.20000000000005,378.0,387.4,387.40000000000003,391.6,202.6,1.0043333333333333
std,36.85462628030394,106.38608848254744,186.73174938801432,182.7360688965475,170.76906756678102,174.0324248465187,137.0745133266655,176.74480063878974,176.68083851733041,179.7055063432977,171.22578489859936,141.92440527123654,176.08114491192956,172.66031120241888,156.84240784290193,182.4705142198892,180.2789562104071,173.67457619884925,182.35885217817625,175.12239435353555,177.37487942986948,171.6774349079274,188.12566830622723,108.79065550709636,0.2021079902524693
min,55.400000000000006,90.4,97.8,98.4,98.0,98.2,96.39999999999999,98.6,98.6,99.2,99.2,96.8,98.6,99.4,98.2,97.39999999999999,99.6,98.8,99.4,97.39999999999999,98.0,99.2,98.0,90.60000000000001,0.8333333333333334
25%,55.400000000000006,90.4,293.40000000000003,295.2,294.0,294.59999999999997,192.79999999999998,197.2,197.2,297.6,297.6,193.6,295.8,298.20000000000005,196.4,292.2,298.8,197.6,298.20000000000005,292.2,294.0,297.6,294.0,90.60000000000001,0.9583333333333334
50%,55.400000000000006,180.8,391.2,393.6,392.0,392.8,289.2,394.4,394.4,396.8,396.8,290.4,394.4,397.6,294.59999999999997,389.59999999999997,398.4,395.2,397.6,389.59999999999997,392.0,396.8,392.0,181.20000000000002,0.9583333333333334
75%,110.80000000000001,271.20000000000005,488.99999999999994,492.0,490.00000000000006,491.0,385.59999999999997,493.0,493.0,496.0,496.0,387.2,493.0,497.0,392.8,487.0,498.00000000000006,493.99999999999994,596.4000000000001,487.0,490.00000000000006,496.0,490.00000000000006,271.8,1.0
max,277.00000000000006,723.2,977.9999999999999,1082.4,1078.0,1178.3999999999999,867.6,986.0,986.0,992.0,892.8000000000001,774.4,887.4000000000001,994.0,883.8,974.0,996.0000000000001,1086.8,994.0,974.0,1078.0,1091.1999999999998,1176.0,634.2,2.0
packs,14.0,14.0,14.0,14.0,14.0,14.0,14.0,14.0,14.0,14.0,14.0,14.0,14.0,14.0,14.0,14.0,14.0,14.0,14.0,14.0,14.0,14.0,14.0,14.0,14.0
count,291.0,439.0,491.0,490.0,494.0,496.0,486.0,496.0,494.0,497.0,495.0,492.0,494.0,496.0,489.0,493.0,495.0,497.0,494.0,496.0,496.0,492.0,495.0,456.0,500.0
mean,86.0,214.39999999999998,399.20000000000005,413.4,429.40000000000003,429.8,319.8,413.79999999999995,403.4,433.4,410.0,326.4,400.4,441.40000000000003,332.59999999999997,409.0,423.4,417.6,432.5999999999999,411.40000000000003,416.6000000000001,389.0,426.2,220.8,1.0341666666666665
std,38.75721779274775,105.98862694221437,176.66614288203704,186.11267998809683,187.40740707661618,188.22462231186557,157.54183185270236,185.68973448995368,188.5549510727218,195.18651460557152,188.1401299617503,151.93115816977962,183.1770803310848,188.15220831802503,149.70474712404885,187.13265804588218,191.32849425151133,192.27393177107936,186.58175461761155,191.8931992520629,189.4421164227941,179.94135365047177,191.63180155814706,114.8165045378308,0.24469573352228277
min,58.199999999999996,87.8,98.2,98.0,98.8,99.2,97.2,99.2,98.8,99.4,99.0,98.4,98.8,99.2,97.8,98.6,99.0,99.4,98.8,99.2,99.2,98.4,99.0,91.2,0.8333333333333334
25%,58.199999999999996,175.6,294.59999999999997,294.0,296.4,297.6,194.4,297.6,296.4,298.20000000000005,297.0,196.8,296.4,297.6,195.6,295.8,297.0,298.20000000000005,296.4,297.6,297.6,295.2,297.0,91.2,0.9583333333333334
50%,58.199999999999996,175.6,392.8,392.0,395.2,396.8,291.59999999999997,396.8,395.2,397.6,396.0,295.2,395.2,396.8,293.40000000000003,394.4,396.0,397.6,395.2,396.8,396.8,393.6,396.0,182.4,0.9583333333333334
75%,116.39999999999999,263.4,491.0,588.0,592.8,595.2,388.8,496.0,493.99999999999994,596.4000000000001,495.0,393.6,493.99999999999994,595.2,391.2,493.0,495.0,497.0,592.8,496.0,496.0,492.0,594.0,273.6,1.0
max,232.79999999999998,526.8,982.0,980.0000000000001,1086.8,1091.1999999999998,874.8,1091.1999999999998,1086.8,1093.3999999999999,990.0,984.0,1284.3999999999999,1091.1999999999998,782.4,1084.6,1188.0,1093.3999999999999,987.9999999999999,992.0,992.0,1082.4,1089.0,638.4000000000001,2.0
packs,15.0,15.0,15.0,15.0,15.0,15.0,15.0,15.0,15.0,15.0,15.0,15.0,15.0,15.0,15.0,15.0,15.0,15.0,15.0,15.0,15.0,15.0,15.0,15.0,15.0
count,315.0,460.0,496.0,493.0,494.0,495.0,486.0,494.0,495.0,497.0,496.0,490.0,496.0,497.0,490.0,493.0,499.0,494.0,499.0,495.0,498.0,494.0,494.0,460.0,500.0
mean,94.0,232.0,443.79999999999995,448.59999999999997,442.2,439.2,351.40000000000003,436.4,421.6,456.20000000000005,452.40000000000003,353.2,433.0,466.80000000000007,341.0,412.80000000000007,478.8,457.5999999999999,464.4,445.8,439.40000000000003,427.79999999999995,433.2,228.4,1.0554166666666667
std,45.63124139318152,121.06139172522676,192.9986989017744,203.02751265360308,192.07206853987017,197.58600443806128,159.44412665812808,195.69180057263264,194.5072503670342,181.96830679384627,196.3951226533393,163.2646890518784,193.168086537517,200.84971552333963,153.28192878891997,185.0429521660889,198.42202599914765,200.43283791637782,194.78345220529397,197.0833030474194,187.24883410919148,196.4552030754488,189.04397204655842,117.19769343466292,0.26937650936279106
min,63.0,92.0,99.2,98.6,98.8,99.0,97.2,98.8,99.0,99.4,99.2,98.0,99.2,99.4,98.0,98.6,99.8,98.8,99.8,99.0,99.6,98.8,98.8,92.0,0.8333333333333334
25%,63.0,184.0,297.6,295.8,296.4,297.0,194.4,296.4,297.0,298.20000000000005,297.6,196.0,297.6,298.20000000000005,196.0,295.8,299.4,296.4,299.4,297.0,298.8,296.4,296.4,184.0,0.9583333333333334
50%,63.0,184.0,396.8,394.4,395.2,396.0,291.59999999999997,395.2,396.0,397.6,396.8,294.0,396.8,397.6,294.0,394.4,499.0,444.59999999999997,399.2,396.0,398.4,395.2,395.2,184.0,0.9583333333333334
75%,126.0,276.0,595.2,591.6,592.8,594.0,485.99999999999994,592.8,495.0,596.4000000000001,595.2,490.00000000000006,595.2,596.4000000000001,392.0,493.0,598.8,592.8,598.8,594.0,597.6,592.8,592.8,276.0,1.0
max,252.0,644.0,1190.4,1380.4,1185.6,1089.0,971.9999999999999,987.9999999999999,1287.0,1093.3999999999999,1190.4,882.0,1091.1999999999998,1093.3999999999999,882.0,1084.6,1197.6,1284.3999999999999,998.0,1089.0,1095.6,1185.6,1185.6,644.0,2.0
packs,16.0,16.0,16.0,16.0,16.0,16.0,16.0,16.0,16.0,16.0,16.0,16.0,16.0,16.0,16.0,16.0,16.0,16.0,16.0,16.0,16.0,16.0,16.0,16.0,16.0
count,308.0,470.0,491.0,495.0,499.0,498.0,497.0,493.0,496.0,496.0,499.0,486.0,497.0,498.0,490.0,498.0,499.0,497.0,497.0,498.0,498.0,499.0,496.0,464.0,500.0
mean,96.4,257.2,475.2,452.0,479.4,476.20000000000005,379.20000000000005,465.2,453.8,489.6,493.0,365.4,461.20000000000005,482.0,362.0,467.40000000000003,496.40000000000003,473.20000000000005,483.40000000000003,470.59999999999997,473.59999999999997,464.8,443.0,239.8,1.1089166666666668
std,46.33541500881467,130.30843515644372,189.06274047716195,200.76710176171187,204.19411742349837,202.0425952659757,158.23697469709893,212.06173015981452,193.79948984098556,194.55177016086816,195.04891858856917,164.48278899717337,187.80075620789728,203.91128855855345,159.54669938376531,190.49227300984876,201.62685763279532,197.720253257948,198.8348759730692,206.15824946612645,192.16761798076806,201.81223847525595,195.44291227771848,116.74198979555509,0.3353132062437324
min,61.6,94.0,98.2,99.0,99.8,99.6,99.4,98.6,99.2,99.2,99.8,97.2,99.4,99.6,98.0,99.6,99.8,99.4,99.4,99.6,99.6,99.8,99.2,92.80000000000001,0.875
25%,61.6,188.0,294.59999999999997,297.0,299.4,298.8,298.20000000000005,295.8,297.6,297.6,299.4,291.59999999999997,298.20000000000005,298.8,196.0,298.8,399.2,298.20000000000005,298.20000000000005,298.8,298.8,299.4,297.6,185.60000000000002,0.9583333333333334
50%,61.6,282.0,491.0,495.0,499.0,498.00000000000006,397.6,394.4,396.8,496.0,499.0,388.8,497.0,498.00000000000006,392.0,498.00000000000006,499.0,497.0,497.0,398.4,498.00000000000006,399.2,396.8,185.60000000000002,1.0
75%,123.2,376.0,589.1999999999999,594.0,598.8,597.6,497.0,591.6,595.2,595.2,598.8,485.99999999999994,596.4000000000001,597.6,490.00000000000006,597.6,598.8,596.4000000000001,596.4000000000001,597.6,597.6,598.8,595.2,278.40000000000003,1.0
max,308.0,658.0,1080.2,1188.0,1197.6,1095.6,795.2,1281.8,1289.6000000000001,1091.1999999999998,1197.6,971.9999999999999,1093.3999999999999,1095.6,980.0000000000001,1294.8,1197.6,1093.3999999999999,1192.8000000000002,1294.8,1095.6,1097.8,1190.4,649.6,2.875
packs,17.0,17.0,17.0,17.0,17.0,17.0,17.0,17.0,17.0,17.0,17.0,17.0,17.0,17.0,17.0,17.0,17.0,17.0,17.0,17.0,17.0,17.0,17.0,17.0,17.0
count,325.0,462.0,498.0,494.0,499.0,498.0,493.0,496.0,497.0,497.0,499.0,494.0,496.0,498.0,498.0,493.0,497.0,498.0,498.0,496.0,499.0,499.0,498.0,467.0,500.0
mean,102.4,260.40000000000003,490.59999999999997,485.40000000000003,502.0,501.40000000000003,390.6,490.40000000000003,486.20000000000005,535.2,498.4,385.5999999999999,480.20000000000005,524.6,399.8,499.0,524.8000000000001,505.19999999999993,513.6,499.79999999999995,482.0,489.5999999999999,491.59999999999997,261.20000000000005,1.1826666666666668
std,52.752274539926745,121.77659285893048,210.41974377759462,203.68176227629135,199.42703349031441,196.8017605555054,166.22239437044547,213.19990979208583,215.25973358532667,204.50954311671242,201.84103371605653,157.6570813319771,202.38889097951792,212.92938268842195,169.47150754987507,203.32618393401953,206.57032154192794,206.35597303115267,208.39579275655208,209.90395417856706,202.01629820129816,204.67445166570894,209.26369567116924,122.50475825041008,0.4056675830423457
min,65.0,92.4,99.6,98.8,99.8,99.6,98.6,99.2,99.4,99.4,99.8,98.8,99.2,99.6,99.6,98.6,99.4,99.6,99.6,99.2,99.8,99.8,99.6,93.4,0.9166666666666666
25%,65.0,184.8,298.8,296.4,399.2,398.4,295.8,297.6,298.20000000000005,397.6,299.4,296.4,297.6,398.4,298.8,394.4,397.6,398.4,398.4,396.8,299.4,399.2,298.8,186.8,0.9583333333333334
50%,65.0,277.20000000000005,498.00000000000006,493.99999999999994,499.0,498.00000000000006,394.4,496.0,497.0,497.0,499.0,395.2,496.0,498.00000000000006,398.4,493.0,497.0,498.00000000000006,498.00000000000006,496.0,499.0,499.0,498.00000000000006,280.2,1.0
75%,130.0,369.6,597.6,592.8,598.8,597.6,493.0,595.2,596.4000000000001,695.8000000000001,598.8,493.99999999999994,595.2,697.1999999999999,498.00000000000006,591.6,695.8000000000001,597.6,597.6,595.2,598.8,598.8,597.6,373.6,1.0
max,325.0,646.8,1294.8,987.9999999999999,1097.8,1095.6,986.0,1190.4,1192.8000000000002,1192.8000000000002,1197.6,790.4,1091.1999999999998,1294.8,896.4000000000001,1183.2,1093.3999999999999,1294.8,1195.2,1190.4,1197.6,1097.8,1294.8,747.2,3.0
packs,18.0,18.0,18.0,18.0,18.0,18.0,18.0,18.0,18.0,18.0,18.0,18.0,18.0,18.0,18.0,18.0,18.0,18.0,18.0,18.0,18.0,18.0,18.0,18.0,18.0
count,339.0,482.0,500.0,496.0,500.0,496.0,496.0,498.0,496.0,499.0,499.0,491.0,497.0,500.0,497.0,500.0,498.0,497.0,499.0,497.0,498.0,498.0,495.0,468.0,500.0
mean,105.00000000000003,285.4,516.0,516.5999999999999,544.0,521.4000000000001,419.20000000000005,532.1999999999999,516.8,548.2,521.0,406.4,509.40000000000003,558.2,418.0000000000001,501.8,556.0,514.8000000000001,551.1999999999999,537.4000000000001,540.6000000000001,521.6,492.8,266.0,1.1924166666666667
std,53.17990678072971,141.35705164545578,216.97501310663688,208.54227679806607,211.45549615393642,199.0243710775851,178.94423306006414,218.15243115609758,209.52103995021167,217.19737216157927,200.5871173495106,176.59193824481687,213.96643654494488,224.88643315156042,170.71731208392808,215.38230911139456,213.66138877749054,205.06714203386042,214.77868762666964,216.81648067045683,206.3801532266978,211.16728299727373,212.9078092101651,134.36076209117613,0.41438939306238237
min,67.80000000000001,96.39999999999999,100.0,99.2,100.0,99.2,99.2,99.6,99.2,99.8,99.8,98.2,99.4,100.0,99.4,100.0,99.6,99.4,99.8,99.4,99.6,99.6,99.0,93.60000000000001,0.9166666666666666
25%,67.80000000000001,192.79999999999998,400.0,396.8,400.0,396.8,297.6,398.4,396.8,399.2,399.2,294.59999999999997,397.6,400.0,298.20000000000005,300.0,398.4,397.6,399.2,397.6,398.4,398.4,297.0,187.20000000000002,0.9583333333333334
50%,67.80000000000001,289.2,500.0,496.0,500.0,496.0,396.8,498.00000000000006,496.0,499.0,499.0,392.8,497.0,600.0,397.6,500.0,597.6,497.0,499.0,497.0,498.00000000000006,498.00000000000006,495.0,280.8,1.0
75%,135.60000000000002,385.59999999999997,700.0,694.4,700.0,694.4,595.2,697.1999999999999,694.4,698.6,598.8,491.0,596.4000000000001,700.0,497.0,600.0,697.1999999999999,596.4000000000001,698.6,695.8000000000001,697.1999999999999,597.6,594.0,374.40000000000003,1.0
max,339.0,867.6,1200.0,1190.4,1300.0,1091.1999999999998,992.0,1294.8,1190.4,1297.4,1197.6,982.0,1192.8000000000002,1300.0,894.6,1300.0,1195.2,1292.2,1197.6,1292.2,1095.6,1195.2,1188.0,842.4000000000001,2.875
packs,19.0,19.0,19.0,19.0,19.0,19.0,19.0,19.0,19.0,19.0,19.0,19.0,19.0,19.0,19.0,19.0,19.0,19.0,19.0,19.0,19.0,19.0,19.0,19.0,19.0
count,357.0,480.0,497.0,499.0,500.0,498.0,497.0,499.0,499.0,494.0,499.0,498.0,499.0,499.0,494.0,500.0,499.0,499.0,499.0,496.0,498.0,498.0,500.0,479.0,500.0
mean,115.19999999999999,295.2,526.4000000000001,550.4,569.8,573.3999999999999,441.80000000000007,546.1999999999999,530.8,561.6,560.8,440.8,547.1999999999998,586.4,425.4,537.0,569.4,567.8000000000001,578.5999999999999,556.8,538.5999999999999,547.1999999999999,551.6,281.5999999999999,1.2415833333333335
std,57.47183775408144,147.40361700040359,227.82052358763013,213.2907128610411,221.01052305853045,215.72883829015564,188.4465253148113,217.0895774988623,211.7708987899357,213.9915351589297,218.1588809775976,177.79706832518409,227.6231804741262,221.19251423457723,177.7021191891087,211.14014379231932,214.64876624710803,219.58430679619312,221.02338897477702,213.07203391426958,216.40554261210463,214.9354450836807,226.5393567579829,137.67778464566183,0.44606772816917145
min,71.39999999999999,96.0,99.4,99.8,100.0,99.6,99.4,99.8,99.8,98.8,99.8,99.6,99.8,99.8,98.8,100.0,99.8,99.8,99.8,99.2,99.6,99.6,100.0,95.8,0.875
25%,71.39999999999999,192.0,397.6,399.2,400.0,398.4,298.20000000000005,399.2,399.2,395.2,399.2,298.8,399.2,399.2,296.4,400.0,399.2,399.2,399.2,396.8,398.4,398.4,400.0,191.6,1.0
50%,71.39999999999999,288.0,497.0,499.0,600.0,597.6,397.6,499.0,499.0,592.8,598.8,398.4,499.0,598.8,395.2,500.0,598.8,598.8,598.8,595.2,498.00000000000006,498.00000000000006,500.0,287.4,1.0
75%,142.79999999999998,384.0,695.8000000000001,698.6,700.0,697.1999999999999,596.4000000000001,698.6,698.6,691.6,698.6,597.6,698.6,698.6,493.99999999999994,700.0,698.6,698.6,698.6,694.4,697.1999999999999,697.1999999999999,700.0,383.2,1.8333333333333333
max,357.0,960.0,1292.2,1297.4,1300.0,1294.8,994.0,1297.4,1297.4,1185.6,1197.6,896.4000000000001,1297.4,1297.4,987.9999999999999,1300.0,1397.2,1197.6,1197.6,1388.8,1294.8,1294.8,1200.0,766.4,2.875
packs,20.0,20.0,20.0,20.0,20.0,20.0,20.0,20.0,20.0,20.0,20.0,20.0,20.0,20.0,20.0,20.0,20.0,20.0,20.0,20.0,20.0,20.0,20.0,20.0,20.0
count,356.0,482.0,500.0,497.0,498.0,500.0,496.0,499.0,498.0,500.0,497.0,495.0,500.0,498.0,499.0,499.0,499.0,499.0,500.0,499.0,498.0,499.0,497.0,481.0,500.0
mean,122.4,306.4,556.2,584.8,607.8,598.0,458.20000000000005,568.6,559.0,590.6,579.4000000000001,457.2,562.6,614.6,452.5999999999999,568.1999999999999,603.4,586.4,606.2,567.1999999999999,586.6000000000001,578.1999999999999,582.2,303.20000000000005,1.2809166666666667
std,63.67313714877097,149.87529119438904,231.1892231783905,219.25273971142923,238.5826913328411,226.4919362679139,179.73527919097737,215.46767440815674,223.12437978203707,230.73386451161633,216.93420438524225,173.36226842470745,246.94778074083933,236.84941603316548,193.19129209507727,218.54508766239854,226.80168468665929,233.2512601497488,208.1061660612328,222.53008280006551,224.49436572317066,238.48483807564764,222.66170528404746,147.3358431158782,0.4770380094598157
min,71.2,96.39999999999999,100.0,99.4,99.6,100.0,99.2,99.8,99.6,100.0,99.4,99.0,100.0,99.6,99.8,99.8,99.8,99.8,100.0,99.8,99.6,99.8,99.4,96.2,0.9166666666666666
25%,71.2,192.79999999999998,400.0,397.6,498.00000000000006,400.0,297.6,399.2,398.4,400.0,397.6,297.0,400.0,498.00000000000006,299.4,399.2,499.0,399.2,500.0,399.2,398.4,399.2,397.6,192.4,1.0
50%,71.2,289.2,500.0,596.4000000000001,597.6,600.0,396.8,598.8,547.8000000000001,600.0,596.4000000000001,495.0,500.0,597.6,399.2,598.8,598.8,598.8,600.0,598.8,597.6,598.8,596.4000000000001,288.6,1.0
75%,142.4,385.59999999999997,700.0,695.8000000000001,796.8,800.0,595.2,698.6,697.1999999999999,700.0,695.8000000000001,594.0,700.0,796.8,598.8,698.6,798.4,698.6,800.0,698.6,697.1999999999999,698.6,695.8000000000001,384.8,1.9166666666666667
max,355.99999999999994,771.1999999999999,1600.0,1292.2,1394.3999999999999,1400.0,992.0,1297.4,1394.3999999999999,1300.0,1391.6000000000001,990.0,1400.0,1394.3999999999999,998.0,1297.4,1397.2,1297.4,1200.0,1497.0,1195.2,1796.3999999999999,1391.6000000000001,769.6,3.0
packs,21.0,21.0,21.0,21.0,21.0,21.0,21.0,21.0,21.0,21.0,21.0,21.0,21.0,21.0,21.0,21.0,21.0,21.0,21.0,21.0,21.0,21.0,21.0,21.0,21.0
count,381.0,482.0,499.0,498.0,500.0,499.0,497.0,500.0,500.0,500.0,499.0,498.0,499.0,500.0,496.0,500.0,498.0,499.0,500.0,497.0,500.0,499.0,500.0,487.0,500.0
mean,141.20000000000002,312.0,587.4,612.6000000000001,613.2,637.1999999999999,477.6,593.6,592.0,647.6,593.1999999999999,478.80000000000007,591.8,629.2,481.6,591.6,638.1999999999999,607.4,641.4,621.0,607.8,594.8000000000001,600.0,308.79999999999995,1.3840833333333336
std,76.97500619647502,148.21489820492422,224.5216738046288,232.04828228597432,232.92545703953044,227.68990573297438,194.44710284921095,246.90273778119126,246.1242659889862,240.60344976762107,227.96663322393,190.15142795498517,221.74557329766117,231.80774288042804,190.08684543671296,226.3446571218663,222.67880451421343,231.83206773550998,231.45882219683372,228.82551071687507,227.11742480333515,225.17586808151768,237.64037092165879,149.8825169554104,0.5637742192052426
min,76.2,96.39999999999999,99.8,99.6,100.0,99.8,99.4,100.0,100.0,100.0,99.8,99.6,99.8,100.0,99.2,100.0,99.6,99.8,100.0,99.4,100.0,99.8,100.0,97.39999999999999,0.9166666666666666
25%,76.2,192.79999999999998,399.2,423.3,400.0,499.0,298.20000000000005,400.0,400.0,500.0,399.2,298.8,399.2,500.0,297.6,400.0,498.00000000000006,399.2,500.0,497.0,400.0,399.2,400.0,194.79999999999998,1.0
50%,152.4,289.2,598.8,597.6,600.0,598.8,497.0,600.0,600.0,600.0,598.8,498.00000000000006,598.8,600.0,496.0,600.0,597.6,598.8,600.0,596.4000000000001,600.0,598.8,600.0,292.2,1.0
75%,152.4,385.59999999999997,698.6,796.8,700.0,798.4,596.4000000000001,800.0,700.0,800.0,698.6,597.6,698.6,800.0,595.2,700.0,796.8,798.4,800.0,795.2,700.0,698.6,800.0,389.59999999999997,1.9166666666666667
max,457.2,867.6,1397.2,1494.0,1400.0,1696.6000000000001,1093.3999999999999,1400.0,1400.0,1500.0,1397.2,1095.6,1297.4,1200.0,992.0,1400.0,1294.8,1297.4,1500.0,1292.2,1400.0,1397.2,1400.0,876.6,3.8333333333333335
packs,22.0,22.0,22.0,22.0,22.0,22.0,22.0,22.0,22.0,22.0,22.0,22.0,22.0,22.0,22.0,22.0,22.0,22.0,22.0,22.0,22.0,22.0,22.0,22.0,22.0
count,368.0,492.0,498.0,499.0,500.0,500.0,497.0,500.0,499.0,499.0,499.0,500.0,500.0,500.0,499.0,500.0,500.0,500.0,500.0,499.0,500.0,500.0,497.0,490.0,500.0
mean,138.0,326.0,646.8000000000001,637.8000000000001,652.4,646.0,514.6,625.4,606.1999999999999,654.1999999999998,634.8,497.8,617.0,671.4,496.0,641.0,669.2,622.4,672.0,641.0,627.0,627.4,608.0,327.6,1.4380833333333334
std,74.52174855821882,153.818365655843,256.82236123707827,245.0636511038907,226.62072700398707,232.5341787535268,196.8069448682823,238.09287354489578,234.95819195735967,243.03276854437834,239.96173456662814,187.52464099942688,243.74129654057097,247.6382227741863,200.32758954405185,235.47802402687006,236.90421527366047,236.91876456288557,243.01051050609493,237.81467219928422,228.02409955958586,247.12624863727257,224.81515489612292,152.64662802379476,0.589872045450921
min,73.6,98.4,99.6,99.8,100.0,100.0,99.4,100.0,99.8,99.8,99.8,100.0,100.0,100.0,99.8,100.0,100.0,100.0,100.0,99.8,100.0,100.0,99.4,98.0,0.9166666666666666
25%,73.6,196.8,498.00000000000006,499.0,500.0,500.0,397.6,500.0,399.2,499.0,499.0,400.0,500.0,500.0,299.4,500.0,500.0,500.0,500.0,499.0,500.0,500.0,397.6,196.0,1.0
50%,147.2,295.2,597.6,598.8,600.0,600.0,497.0,600.0,598.8,598.8,598.8,500.0,600.0,700.0,499.0,600.0,600.0,600.0,700.0,598.8,600.0,600.0,596.4000000000001,294.0,1.0
75%,147.2,393.6,796.8,798.4,800.0,800.0,596.4000000000001,800.0,798.4,798.4,798.4,600.0,800.0,800.0,598.8,800.0,800.0,800.0,800.0,798.4,800.0,800.0,795.2,392.0,2.0
max,441.6,885.6,1593.6,1297.4,1400.0,1400.0,1093.3999999999999,1400.0,1297.4,1497.0,1596.8,1200.0,1400.0,1400.0,1197.6,1500.0,1400.0,1300.0,1500.0,1397.2,1300.0,1500.0,1491.0,882.0,3.0
packs,23.0,23.0,23.0,23.0,23.0,23.0,23.0,23.0,23.0,23.0,23.0,23.0,23.0,23.0,23.0,23.0,23.0,23.0,23.0,23.0,23.0,23.0,23.0,23.0,23.0
count,389.0,484.0,499.0,499.0,498.0,500.0,497.0,500.0,500.0,499.0,499.0,500.0,499.0,500.0,500.0,500.0,500.0,498.0,500.0,500.0,500.0,500.0,500.0,478.0,500.0
mean,146.0,339.79999999999995,650.8000000000001,660.4,689.0,687.4,534.2,655.8,633.8,688.4,676.6,528.2,650.4,679.0,519.6,659.0,684.8,660.6000000000001,694.8,672.0,660.6,638.0,658.6,332.2,1.5168333333333335
std,75.77625637973834,157.27079677953162,234.11706747937143,241.49134535117003,236.89713224858934,232.31267368939092,207.54515171403065,245.08466493432826,232.86479344041703,236.29637268263744,246.89122070142093,191.67221100865376,231.80232958277188,224.85577653349483,197.722098047012,247.75343292688015,236.221423927307,231.6198748782837,228.5551024802104,250.80231978036892,243.52875087966518,233.72045374977776,259.6939002820193,154.70860578649953,0.6070324025838196
min,77.8,96.8,99.8,99.8,99.6,100.0,99.4,100.0,100.0,99.8,99.8,100.0,99.8,100.0,100.0,100.0,100.0,99.6,100.0,100.0,100.0,100.0,100.0,95.6,0.9166666666666666
25%,77.8,193.6,499.0,499.0,498.00000000000006,500.0,397.6,500.0,500.0,499.0,499.0,400.0,499.0,500.0,400.0,500.0,500.0,498.00000000000006,500.0,500.0,500.0,500.0,500.0,191.2,1.0
50%,155.6,290.4,598.8,598.8,697.1999999999999,700.0,497.0,600.0,600.0,698.6,698.6,500.0,598.8,700.0,500.0,600.0,700.0,697.1999999999999,700.0,700.0,600.0,600.0,600.0,286.8,1.0
75%,155.6,387.2,798.4,798.4,796.8,800.0,695.8000000000001,800.0,800.0,798.4,798.4,700.0,798.4,800.0,600.0,800.0,800.0,796.8,800.0,800.0,800.0,800.0,800.0,454.09999999999997,2.0
max,466.8,774.4,1497.0,1497.0,1394.3999999999999,1300.0,1192.8000000000002,1400.0,1400.0,1397.2,1596.8,1100.0,1397.2,1300.0,1200.0,1500.0,1600.0,1394.3999999999999,1500.0,1400.0,1400.0,1400.0,1700.0,955.9999999999999,3.0
packs,24.0,24.0,24.0,24.0,24.0,24.0,24.0,24.0,24.0,24.0,24.0,24.0,24.0,24.0,24.0,24.0,24.0,24.0,24.0,24.0,24.0,24.0,24.0,24.0,24.0
count,397.0,489.0,500.0,499.0,499.0,500.0,498.0,500.0,499.0,500.0,500.0,498.0,500.0,500.0,500.0,500.0,500.0,497.0,500.0,500.0,500.0,499.0,500.0,492.0,500.0
mean,143.4,363.0,678.8,673.6,720.8,722.0,558.8000000000001,689.4,664.6,721.2,693.4,550.0,669.0,715.2,525.2,678.0,711.8,683.6,715.6,706.2,676.6,687.0,693.2,359.6,1.539
std,72.9270619429877,168.0203910341798,250.5916046171723,243.62673470588942,254.3352750377227,254.01781453315513,202.69766327261166,251.70289767381462,239.085576586558,247.04781976471884,261.7507725563914,211.46089610966138,246.86207032172248,256.9455234169454,202.60072583338993,242.8042582320814,247.14960216780324,250.23795481952385,260.3309132022885,252.48575824436608,261.3983515563799,237.79276151665943,255.66479808130785,160.6820371641142,0.7105082527936669
min,79.4,97.8,100.0,99.8,99.8,200.0,99.6,100.0,99.8,100.0,100.0,99.6,100.0,100.0,100.0,100.0,100.0,99.4,100.0,100.0,100.0,99.8,100.0,98.4,0.9583333333333334
25%,79.4,195.6,500.0,499.0,499.0,500.0,398.4,500.0,499.0,600.0,500.0,398.4,500.0,500.0,400.0,500.0,500.0,497.0,500.0,500.0,500.0,499.0,500.0,196.8,1.0
50%,158.8,391.2,700.0,698.6,698.6,700.0,597.6,700.0,698.6,700.0,700.0,498.00000000000006,650.0,700.0,500.0,700.0,700.0,695.8000000000001,700.0,700.0,700.0,698.6,700.0,393.6,1.0
75%,158.8,488.99999999999994,800.0,798.4,898.1999999999999,900.0,697.1999999999999,800.0,798.4,900.0,825.0,697.1999999999999,800.0,900.0,700.0,800.0,900.0,795.2,900.0,900.0,800.0,798.4,800.0,492.0,2.0
max,476.40000000000003,880.1999999999999,1500.0,1497.0,1696.6000000000001,1500.0,1195.2,1700.0,1397.2,1600.0,1600.0,1195.2,1600.0,1600.0,1200.0,1700.0,1600.0,1590.4,1700.0,1600.0,1600.0,1497.0,1500.0,885.6,3.8333333333333335
packs,25.0,25.0,25.0,25.0,25.0,25.0,25.0,25.0,25.0,25.0,25.0,25.0,25.0,25.0,25.0,25.0,25.0,25.0,25.0,25.0,25.0,25.0,25.0,25.0,25.0
count,396.0,489.0,499.0,499.0,500.0,500.0,500.0,500.0,500.0,500.0,500.0,500.0,500.0,499.0,500.0,499.0,500.0,499.0,498.0,500.0,500.0,499.0,500.0,496.0,500.0
mean,155.40000000000003,379.0,706.2,686.2,741.8,726.0,566.4,724.2,700.0,737.4,733.6,571.4,691.4,767.0,561.2,701.4,742.0,735.8000000000001,752.1999999999999,710.6,726.0,706.4,711.8,366.6000000000001,1.6213333333333335
std,83.44064759388002,166.0872390751516,243.84905792766318,259.70406760565703,253.61664536384677,256.62367666068087,187.24626117669024,253.30354393640349,251.4885543836378,255.2480030992845,254.0080316846706,202.0983113608568,256.8228103417289,254.85746012216254,210.48317351433423,238.47929195375235,265.58816643121844,256.85336619734545,262.6877308586413,259.92838538924934,248.53075276540784,252.98081962947626,240.32534727966208,168.31433796214856,0.7081936480603117
min,79.2,97.8,199.6,199.6,200.0,100.0,100.0,100.0,100.0,100.0,100.0,100.0,100.0,199.6,100.0,99.8,200.0,199.6,99.6,100.0,100.0,99.8,100.0,99.2,0.9166666666666666
25%,79.2,293.40000000000003,499.0,499.0,600.0,500.0,400.0,600.0,500.0,600.0,600.0,400.0,500.0,598.8,400.0,499.0,500.0,598.8,498.00000000000006,500.0,500.0,499.0,500.0,198.4,1.0
50%,158.4,391.2,698.6,698.6,700.0,700.0,600.0,700.0,700.0,700.0,700.0,600.0,700.0,698.6,500.0,698.6,700.0,698.6,697.1999999999999,700.0,700.0,698.6,700.0,396.8,1.4166666666666665
75%,237.60000000000002,488.99999999999994,898.1999999999999,898.1999999999999,900.0,900.0,700.0,900.0,900.0,900.0,900.0,700.0,900.0,898.1999999999999,700.0,898.1999999999999,900.0,898.1999999999999,896.4000000000001,900.0,900.0,898.1999999999999,900.0,496.0,2.0
max,475.20000000000005,977.9999999999999,1397.2,1497.0,1500.0,1400.0,1100.0,1600.0,1700.0,1500.0,1600.0,1200.0,1400.0,1696.6000000000001,1400.0,1397.2,1500.0,1596.8,1792.8000000000002,1700.0,1500.0,1497.0,1600.0,992.0,3.8333333333333335
packs,26.0,26.0,26.0,26.0,26.0,26.0,26.0,26.0,26.0,26.0,26.0,26.0,26.0,26.0,26.0,26.0,26.0,26.0,26.0,26.0,26.0,26.0,26.0,26.0,26.0
count,418.0,494.0,499.0,500.0,500.0,500.0,500.0,499.0,500.0,500.0,500.0,499.0,500.0,500.0,500.0,500.0,500.0,500.0,499.0,500.0,500.0,500.0,500.0,485.0,500.0
mean,165.59999999999997,395.0,730.1999999999999,734.8,779.0,763.8,599.4,747.8000000000001,724.8,788.8,741.0,582.4,740.0,760.4,598.6,728.4,770.8,770.2,796.2,734.2,715.8,732.4,741.4,359.0,1.6464166666666666
std,86.63692535248683,167.02776487563648,260.61410484965376,252.42106248403906,249.92784529882104,261.69931804674667,209.6366739626926,254.19435185317596,251.13960700058607,243.1312106068291,265.5560959197893,212.15721002847928,263.85457827552267,253.93070236426001,216.03560531896372,256.52495024889953,267.6764115917674,261.5890243019965,256.31116662476137,257.0262340111217,252.06633029768074,259.7020028042161,267.1493543977043,167.9886482784275,0.7257234573672994
min,83.6,98.8,199.6,100.0,100.0,200.0,100.0,99.8,200.0,200.0,100.0,99.8,100.0,100.0,100.0,100.0,100.0,100.0,199.6,100.0,100.0,100.0,100.0,97.0,0.9583333333333334
25%,83.6,296.4,499.0,600.0,600.0,600.0,500.0,598.8,500.0,600.0,600.0,399.2,600.0,600.0,500.0,600.0,600.0,600.0,598.8,600.0,500.0,500.0,500.0,194.0,1.0
50%,167.2,395.2,698.6,700.0,800.0,700.0,600.0,798.4,700.0,800.0,700.0,598.8,700.0,700.0,600.0,700.0,700.0,800.0,798.4,700.0,700.0,700.0,700.0,388.0,1.9166666666666667
75%,229.9,493.99999999999994,898.1999999999999,900.0,925.0,900.0,700.0,898.1999999999999,900.0,900.0,900.0,698.6,900.0,900.0,700.0,900.0,900.0,900.0,998.0,900.0,900.0,900.0,900.0,484.99999999999994,2.0
max,501.6,889.1999999999999,1596.8,1500.0,1600.0,1800.0,1300.0,1497.0,1400.0,1600.0,1500.0,1197.6,1700.0,1600.0,1300.0,1600.0,1800.0,1800.0,1596.8,1400.0,1500.0,1500.0,1400.0,969.9999999999999,4.0
packs,27.0,27.0,27.0,27.0,27.0,27.0,27.0,27.0,27.0,27.0,27.0,27.0,27.0,27.0,27.0,27.0,27.0,27.0,27.0,27.0,27.0,27.0,27.0,27.0,27.0
count,394.0,496.0,500.0,500.0,500.0,500.0,500.0,500.0,500.0,500.0,500.0,500.0,500.0,500.0,500.0,500.0,500.0,500.0,500.0,500.0,500.0,500.0,499.0,489.0,500.0
mean,165.2,418.8,756.4,777.8,801.6,795.8,599.2,781.6,736.8,802.0,772.2,620.2,773.0,825.2,593.4,758.4,804.4,778.6,798.8,770.4,742.4,766.8,757.8000000000001,403.2,1.73925
std,89.79613211888054,180.21153182307785,245.233192364481,254.82745940760833,257.779635893456,262.3356628443796,222.21187239313954,262.21929356138475,252.45440470093962,262.4762609744933,261.5032081174367,226.2616819026032,270.031171658634,264.0158494058168,227.684255583211,264.66873460640625,271.6767500413424,256.2290902559402,259.7180527685123,268.00652042437315,275.37957043984085,247.18406081266585,253.15725163665547,180.30374781298875,0.7741188803505336
min,78.8,99.2,100.0,200.0,200.0,200.0,100.0,100.0,100.0,200.0,200.0,100.0,100.0,200.0,100.0,100.0,200.0,100.0,200.0,100.0,100.0,100.0,199.6,97.8,0.9583333333333334
25%,78.8,297.6,600.0,600.0,600.0,600.0,500.0,600.0,500.0,600.0,600.0,500.0,600.0,700.0,400.0,600.0,600.0,600.0,600.0,600.0,500.0,600.0,598.8,293.40000000000003,1.0
50%,157.6,396.8,700.0,800.0,800.0,800.0,600.0,800.0,700.0,800.0,800.0,600.0,800.0,800.0,600.0,800.0,800.0,800.0,800.0,800.0,800.0,750.0,698.6,391.2,1.9166666666666667
75%,236.39999999999998,496.0,900.0,900.0,1000.0,1000.0,800.0,925.0,900.0,1000.0,900.0,800.0,1000.0,1000.0,700.0,900.0,1000.0,900.0,1000.0,1000.0,900.0,900.0,898.1999999999999,488.99999999999994,2.0
max,551.6,1091.1999999999998,1600.0,1700.0,1900.0,1600.0,1200.0,1600.0,1500.0,1500.0,1700.0,1300.0,1700.0,1600.0,1300.0,1900.0,1800.0,1800.0,1700.0,1600.0,1900.0,1500.0,1696.6000000000001,880.1999999999999,3.8333333333333335
packs,28.0,28.0,28.0,28.0,28.0,28.0,28.0,28.0,28.0,28.0,28.0,28.0,28.0,28.0,28.0,28.0,28.0,28.0,28.0,28.0,28.0,28.0,28.0,28.0,28.0
count,416.0,493.0,500.0,500.0,500.0,500.0,500.0,500.0,500.0,500.0,499.0,500.0,500.0,500.0,500.0,500.0,500.0,500.0,500.0,500.0,499.0,500.0,500.0,493.0,500.0
mean,176.20000000000002,417.6,776.0,791.6,830.8,802.0,642.6,805.6,756.6,853.8,800.6,625.6,775.2,827.4,620.2,778.4,833.6,820.6,851.8,798.4,794.2,806.2,797.2,417.80000000000007,1.8481666666666665
std,91.61821673965399,183.85779101542903,254.86056543849867,266.8930568741256,260.8974798459731,270.892535022769,224.37899158282946,268.8367280948522,264.71983904946137,267.4858076882384,261.7163070607678,209.64862291505844,271.31565448520934,260.31667165027704,227.76240124929686,261.2852463495018,274.04605905754227,275.5858034626245,271.22663544635714,265.6663267980885,254.1703839875636,258.6026113967964,276.0880461346287,183.34805055488434,0.7992021565680456
min,83.2,98.6,200.0,200.0,200.0,200.0,100.0,100.0,100.0,100.0,99.8,100.0,100.0,100.0,100.0,100.0,100.0,100.0,100.0,200.0,199.6,100.0,200.0,98.6,0.9583333333333334
25%,83.2,295.8,600.0,600.0,700.0,600.0,500.0,600.0,600.0,700.0,598.8,500.0,600.0,600.0,500.0,600.0,600.0,600.0,700.0,600.0,598.8,600.0,600.0,295.8,1.0
50%,166.4,394.4,700.0,800.0,800.0,800.0,600.0,800.0,700.0,800.0,798.4,600.0,800.0,800.0,600.0,800.0,800.0,800.0,800.0,800.0,798.4,800.0,800.0,394.4,2.0
75%,249.6,493.0,900.0,1000.0,1000.0,1000.0,800.0,1000.0,900.0,1000.0,998.0,800.0,1000.0,1000.0,800.0,900.0,1000.0,1000.0,1000.0,1000.0,998.0,1000.0,925.0,493.0,2.0
max,582.4,1084.6,1800.0,1700.0,1600.0,1600.0,1400.0,1700.0,1600.0,1800.0,1596.8,1300.0,1800.0,1600.0,1400.0,1600.0,1700.0,1700.0,1800.0,1800.0,1796.3999999999999,1700.0,1900.0,1084.6,4.791666666666667
packs,29.0,29.0,29.0,29.0,29.0,29.0,29.0,29.0,29.0,29.0,29.0,29.0,29.0,29.0,29.0,29.0,29.0,29.0,29.0,29.0,29.0,29.0,29.0,29.0,29.0
count,411.0,498.0,500.0,500.0,500.0,500.0,500.0,500.0,500.0,500.0,500.0,499.0,500.0,500.0,500.0,499.0,500.0,500.0,500.0,500.0,500.0,500.0,500.0,493.0,500.0
mean,179.39999999999998,433.40000000000003,795.2,853.0,842.2,856.0,656.0,834.0,811.6,864.2,826.2,645.4,808.0,869.4,646.8,792.8000000000001,871.2,827.0,870.8,846.6,802.0,813.2,816.6,439.0,1.9205833333333335
std,93.75001112195055,187.61578316483752,268.70311260841567,278.50696986705566,267.1739580267796,257.5201608933426,227.43670528263382,274.28902445755233,267.44812019153915,282.0948688474502,275.7637599515303,237.3274412652486,265.4749590974931,281.92659542941465,216.10915374566002,262.23816147413277,266.06793171777986,276.4848780232856,271.02447959008083,287.7743354371139,270.07755139503,265.26683355815885,265.5663589048205,186.81238925854944,0.8567570168988078
min,82.19999999999999,99.6,200.0,200.0,200.0,100.0,100.0,100.0,200.0,200.0,200.0,99.8,200.0,200.0,200.0,99.8,100.0,100.0,100.0,200.0,200.0,200.0,200.0,98.6,0.9583333333333334
25%,82.19999999999999,298.8,600.0,700.0,600.0,700.0,500.0,600.0,600.0,700.0,600.0,499.0,600.0,700.0,500.0,598.8,700.0,600.0,700.0,700.0,600.0,600.0,600.0,295.8,1.0
50%,164.39999999999998,398.4,800.0,800.0,800.0,800.0,600.0,800.0,800.0,800.0,800.0,598.8,800.0,900.0,600.0,798.4,900.0,800.0,900.0,800.0,800.0,800.0,800.0,394.4,2.0
75%,246.59999999999997,597.6,1000.0,1000.0,1000.0,1000.0,800.0,1000.0,1000.0,1000.0,1000.0,798.4,1000.0,1100.0,800.0,998.0,1000.0,1000.0,1000.0,1000.0,1000.0,1000.0,1000.0,591.6,2.0
max,575.4,1195.2,1700.0,1800.0,1800.0,1600.0,1500.0,1600.0,1700.0,1800.0,1800.0,1497.0,1600.0,1800.0,1400.0,1497.0,1700.0,1600.0,1800.0,1800.0,1600.0,1600.0,1900.0,986.0,4.791666666666667
packs,30.0,30.0,30.0,30.0,30.0,30.0,30.0,30.0,30.0,30.0,30.0,30.0,30.0,30.0,30.0,30.0,30.0,30.0,30.0,30.0,30.0,30.0,30.0,30.0,30.0
count,422.0,498.0,500.0,500.0,500.0,500.0,500.0,500.0,500.0,500.0,500.0,500.0,500.0,500.0,500.0,500.0,500.0,499.0,500.0,500.0,500.0,500.0,500.0,497.0,500.0
mean,183.0,452.40000000000003,834.0,836.2,855.6,866.8,682.0,834.4,845.2,900.0,876.8,671.6,838.4,899.8,673.8,846.8,904.2,887.0,896.8,839.8,859.2,835.6,843.4,437.20000000000005,1.92675
std,100.34131112029415,187.94054113472183,272.0883388318149,265.0472790281773,263.60503642848124,281.1687602552726,222.65477830174945,284.70819713353893,279.9172508700908,274.13555150910724,277.3004707933335,224.0845102533215,285.53195441839426,281.7422890424328,222.51423588242773,260.89440734436437,278.6353087290645,285.15721134266073,255.73533412933867,272.2208080523481,287.5077066144931,262.88944772175034,276.6396555051282,187.19451544557398,0.9094031890558634
min,84.39999999999999,99.6,200.0,100.0,100.0,200.0,200.0,200.0,200.0,200.0,100.0,200.0,200.0,300.0,100.0,100.0,200.0,99.8,200.0,200.0,200.0,100.0,200.0,99.4,0.9583333333333334
25%,84.39999999999999,298.8,600.0,675.0,700.0,700.0,500.0,600.0,600.0,700.0,700.0,500.0,700.0,700.0,500.0,700.0,700.0,698.6,700.0,700.0,700.0,675.0,675.0,298.20000000000005,1.0
50%,168.79999999999998,398.4,800.0,800.0,800.0,800.0,700.0,800.0,800.0,900.0,900.0,700.0,800.0,900.0,700.0,800.0,900.0,898.1999999999999,900.0,800.0,800.0,800.0,800.0,397.6,2.0
75%,253.2,597.6,1000.0,1000.0,1100.0,1000.0,800.0,1000.0,1000.0,1100.0,1000.0,800.0,1000.0,1100.0,800.0,1000.0,1100.0,1097.8,1100.0,1000.0,1100.0,1000.0,1000.0,596.4000000000001,2.875
max,590.8,996.0000000000001,1800.0,2100.0,1800.0,1800.0,1400.0,2100.0,1800.0,1700.0,1700.0,1400.0,1800.0,2000.0,1300.0,1900.0,1800.0,1796.3999999999999,1600.0,2000.0,1900.0,1400.0,1700.0,994.0,4.791666666666667
packs,31.0,31.0,31.0,31.0,31.0,31.0,31.0,31.0,31.0,31.0,31.0,31.0,31.0,31.0,31.0,31.0,31.0,31.0,31.0,31.0,31.0,31.0,31.0,31.0,31.0
count,427.0,491.0,500.0,500.0,500.0,500.0,498.0,499.0,500.0,500.0,500.0,500.0,500.0,500.0,500.0,500.0,500.0,500.0,500.0,500.0,500.0,500.0,500.0,497.0,500.0
mean,193.60000000000002,460.20000000000005,877.4,853.8,886.4,918.4,687.8000000000001,878.0,842.0,930.4,889.8,690.4,870.4,904.2,698.0,848.6,942.0,907.4,928.8,894.8,892.4,873.4,861.8,470.00000000000006,1.9971666666666668
std,105.77846635143645,194.1677221541485,277.45847691650306,268.607259245611,276.12956210833397,305.6932067831189,231.9992232693582,292.1155336162726,294.0219342083022,282.33892849035567,266.4920186271701,241.38013327006627,284.0514221419102,272.0853190484253,242.22581756160258,261.98341669129076,283.4018935478962,272.09062206042023,275.9762413171523,279.44433842279415,286.12230242308584,289.96655186832294,275.2312927867362,191.57077484364248,0.9254635138301572
min,85.39999999999999,98.2,200.0,100.0,100.0,200.0,99.6,199.6,100.0,100.0,300.0,100.0,200.0,300.0,100.0,200.0,200.0,200.0,200.0,200.0,100.0,100.0,200.0,99.4,0.9583333333333334
25%,85.39999999999999,294.59999999999997,700.0,700.0,700.0,700.0,498.00000000000006,698.6,600.0,700.0,700.0,500.0,700.0,700.0,500.0,700.0,700.0,700.0,700.0,700.0,700.0,700.0,700.0,298.20000000000005,1.0
50%,170.79999999999998,491.0,900.0,800.0,900.0,900.0,697.1999999999999,898.1999999999999,800.0,900.0,900.0,700.0,900.0,900.0,700.0,800.0,900.0,900.0,900.0,900.0,900.0,900.0,900.0,497.0,2.0
75%,256.2,589.1999999999999,1100.0,1000.0,1100.0,1100.0,796.8,1097.8,1000.0,1100.0,1100.0,900.0,1100.0,1100.0,800.0,1000.0,1100.0,1100.0,1100.0,1100.0,1100.0,1100.0,1000.0,596.4000000000001,2.875
max,597.8,1080.2,1700.0,1900.0,1600.0,2000.0,1394.3999999999999,1696.6000000000001,1800.0,1800.0,1700.0,1500.0,1700.0,2000.0,1500.0,1600.0,1800.0,1800.0,1800.0,1800.0,1900.0,1800.0,1700.0,1192.8000000000002,4.791666666666667
packs,32.0,32.0,32.0,32.0,32.0,32.0,32.0,32.0,32.0,32.0,32.0,32.0,32.0,32.0,32.0,32.0,32.0,32.0,32.0,32.0,32.0,32.0,32.0,32.0,32.0
count,438.0,497.0,499.0,500.0,500.0,500.0,500.0,500.0,500.0,500.0,500.0,500.0,500.0,500.0,500.0,499.0,500.0,500.0,500.0,500.0,500.0,500.0,500.0,498.0,500.0
mean,212.2,478.20000000000005,911.6,889.4,931.0,932.4,731.6,901.0,872.4,951.2,907.2,714.8,877.8,959.2,689.4,883.0,962.0,928.8,957.0,917.2,912.4,913.0,893.4,473.8,2.10425
std,107.56232954358187,194.55734912044366,287.7506084976417,275.9346296492692,281.3847094449498,282.25800105278967,242.8154828618531,273.5116400346957,282.05913335578913,276.5710452780123,275.2811643372604,234.0309829958504,281.0785839239293,300.6595288771158,225.5868321460172,279.8728489265528,297.74705139300113,284.62709844696917,299.04825650626833,294.546558884502,301.1771161801993,285.4715186773488,294.3973158150703,192.24487779451857,0.9376674458939532
min,87.6,99.4,199.6,200.0,300.0,200.0,200.0,200.0,100.0,200.0,100.0,200.0,200.0,200.0,100.0,199.6,100.0,200.0,100.0,100.0,100.0,300.0,100.0,99.6,0.9583333333333334
25%,87.6,298.20000000000005,698.6,700.0,700.0,700.0,600.0,700.0,700.0,800.0,700.0,500.0,700.0,700.0,500.0,698.6,800.0,700.0,800.0,700.0,700.0,700.0,700.0,298.8,1.0
50%,175.2,497.0,898.1999999999999,900.0,900.0,900.0,700.0,900.0,900.0,1000.0,900.0,700.0,900.0,900.0,700.0,898.1999999999999,900.0,900.0,1000.0,900.0,900.0,900.0,900.0,498.00000000000006,2.0
75%,262.8,596.4000000000001,1097.8,1100.0,1100.0,1100.0,900.0,1100.0,1025.0,1100.0,1100.0,900.0,1000.0,1200.0,800.0,1097.8,1100.0,1100.0,1200.0,1100.0,1100.0,1100.0,1100.0,597.6,3.0
max,700.8,1093.3999999999999,1696.6000000000001,1700.0,2000.0,1700.0,1600.0,1700.0,1700.0,1800.0,1900.0,1500.0,1800.0,1900.0,1500.0,1896.2,2100.0,1800.0,1800.0,1800.0,2000.0,1700.0,1700.0,1095.6,5.0
packs,33.0,33.0,33.0,33.0,33.0,33.0,33.0,33.0,33.0,33.0,33.0,33.0,33.0,33.0,33.0,33.0,33.0,33.0,33.0,33.0,33.0,33.0,33.0,33.0,33.0
count,420.0,497.0,500.0,500.0,500.0,500.0,500.0,500.0,500.0,500.0,500.0,500.0,500.0,500.0,500.0,500.0,500.0,500.0,500.0,500.0,500.0,500.0,500.0,499.0,500.0
mean,196.4,501.80000000000007,939.8,921.0,965.6,975.4,745.8,930.4,904.6,970.6,934.4,721.8,936.2,974.0,743.4,899.2,993.2,949.0,986.8,939.6,929.4,926.2,924.6,490.79999999999995,2.197666666666667
std,98.99886453388045,202.31806482575576,299.02305860779086,286.46662327835855,300.5283257017518,299.6571855599586,241.65917801034013,295.4495233397464,303.682871715127,276.89163576372584,290.21559258654713,238.95388240376354,294.89572220354074,287.4879103496256,228.29954306289238,296.6063226251971,303.34435150696703,290.9093613361833,307.9210788198221,276.01486991978106,294.49804446955636,290.41736258181595,298.047823360648,203.84501987665544,1.0409520461215536
min,84.0,99.4,200.0,300.0,200.0,200.0,100.0,200.0,100.0,300.0,200.0,200.0,200.0,300.0,100.0,200.0,200.0,300.0,200.0,200.0,200.0,100.0,100.0,99.8,0.9583333333333334
25%,84.0,397.6,700.0,700.0,800.0,800.0,600.0,700.0,700.0,800.0,700.0,600.0,700.0,800.0,600.0,700.0,800.0,700.0,800.0,800.0,700.0,700.0,700.0,299.4,1.0
50%,168.0,497.0,900.0,900.0,1000.0,1000.0,700.0,900.0,900.0,900.0,900.0,700.0,900.0,1000.0,700.0,900.0,1000.0,900.0,1000.0,900.0,900.0,900.0,900.0,499.0,2.0
75%,252.0,596.4000000000001,1100.0,1100.0,1100.0,1200.0,900.0,1100.0,1100.0,1200.0,1100.0,900.0,1100.0,1200.0,900.0,1100.0,1200.0,1100.0,1200.0,1100.0,1100.0,1100.0,1100.0,598.8,3.0
max,672.0,1292.2,1800.0,1900.0,1900.0,2100.0,1500.0,1700.0,2000.0,1800.0,1800.0,1600.0,1800.0,1900.0,1500.0,1800.0,2000.0,1900.0,2100.0,1900.0,1900.0,1900.0,1800.0,1097.8,5.75
packs,34.0,34.0,34.0,34.0,34.0,34.0,34.0,34.0,34.0,34.0,34.0,34.0,34.0,34.0,34.0,34.0,34.0,34.0,34.0,34.0,34.0,34.0,34.0,34.0,34.0
count,442.0,496.0,500.0,500.0,500.0,500.0,500.0,500.0,500.0,500.0,500.0,500.0,500.0,500.0,500.0,500.0,500.0,500.0,500.0,500.0,500.0,500.0,500.0,498.0,500.0
mean,210.4,516.2,926.0,941.6,1010.2,989.0,759.8,971.8,927.0,975.2,983.0,752.0,953.2,1000.6,781.2,963.2,1018.6,966.0,1023.4,986.0,955.4,962.0,947.8,480.40000000000003,2.169166666666667
std,109.13508490567831,208.29535207721196,282.9914633636028,295.23510552620627,287.96146201742766,266.6856623160869,244.38372861879995,302.1379398045513,286.38266368640444,286.12706512105694,267.34612003130246,245.79835977348318,290.6177512725426,272.0434805515862,247.40448248952933,289.15910148557293,292.6522350184988,300.64059862080865,293.470082595752,301.9708143935287,284.2400831158396,280.70195434721984,298.9882069510294,207.85233266229886,0.9939561430441775
min,88.4,99.2,200.0,200.0,300.0,200.0,200.0,200.0,200.0,300.0,400.0,100.0,100.0,200.0,100.0,100.0,200.0,200.0,200.0,300.0,200.0,200.0,100.0,99.6,0.9583333333333334
25%,88.4,396.8,700.0,700.0,800.0,800.0,600.0,800.0,700.0,800.0,800.0,600.0,700.0,800.0,600.0,800.0,800.0,800.0,800.0,775.0,775.0,800.0,700.0,298.8,1.0
50%,176.8,496.0,900.0,900.0,1000.0,1000.0,800.0,1000.0,900.0,1000.0,1000.0,700.0,900.0,1000.0,800.0,1000.0,1000.0,900.0,1000.0,1000.0,900.0,1000.0,1000.0,498.00000000000006,2.0
75%,265.2,595.2,1100.0,1125.0,1200.0,1200.0,900.0,1200.0,1100.0,1100.0,1100.0,900.0,1200.0,1200.0,900.0,1200.0,1200.0,1200.0,1200.0,1200.0,1100.0,1100.0,1200.0,597.6,3.0
max,618.8,1190.4,1800.0,1800.0,1900.0,2000.0,1700.0,1900.0,1800.0,2100.0,1700.0,1500.0,1900.0,1900.0,1600.0,1900.0,2100.0,2000.0,2200.0,2100.0,1900.0,1900.0,1800.0,1294.8,5.75
packs,35.0,35.0,35.0,35.0,35.0,35.0,35.0,35.0,35.0,35.0,35.0,35.0,35.0,35.0,35.0,35.0,35.0,35.0,35.0,35.0,35.0,35.0,35.0,35.0,35.0
count,435.0,498.0,500.0,500.0,500.0,500.0,500.0,500.0,500.0,500.0,500.0,500.0,500.0,500.0,499.0,500.0,500.0,500.0,500.0,500.0,500.0,500.0,500.0,499.0,500.0
mean,215.0,522.0,957.0,989.4,1024.2,1023.0,775.0,965.6,959.8,1026.0,1019.0,787.8,983.4,1044.0,786.6,963.2,1025.2,1021.2,1038.6,979.6,997.6,984.2,999.0,513.5999999999999,2.3105
std,111.77621240221988,189.9198483910443,304.03268203186144,287.0408069416253,290.0389718820918,292.2015802952717,244.61126167590353,305.0290567321445,284.0516337944963,290.53885394436077,305.29561218865115,245.09447689658452,302.60134690761146,290.4353721756729,246.25337459208953,307.3021790656829,280.43224580810596,305.1176060259618,315.4823262821434,306.8748676068757,284.8095380177634,307.17922806777256,302.26101873528745,206.99416634194887,1.089750034665696
min,87.0,99.6,200.0,300.0,300.0,300.0,200.0,300.0,200.0,200.0,200.0,100.0,300.0,200.0,99.8,300.0,100.0,100.0,100.0,200.0,300.0,100.0,300.0,99.8,0.9583333333333334
25%,87.0,398.4,800.0,800.0,800.0,800.0,600.0,700.0,800.0,800.0,800.0,600.0,800.0,875.0,598.8,775.0,800.0,800.0,800.0,800.0,800.0,800.0,800.0,399.2,1.0
50%,174.0,498.00000000000006,900.0,1000.0,1000.0,1000.0,800.0,900.0,1000.0,1000.0,1000.0,800.0,1000.0,1000.0,798.4,900.0,1000.0,1000.0,1000.0,1000.0,1000.0,1000.0,1000.0,499.0,2.0
75%,261.0,672.3,1100.0,1200.0,1200.0,1200.0,900.0,1200.0,1100.0,1200.0,1200.0,1000.0,1200.0,1200.0,898.1999999999999,1200.0,1200.0,1200.0,1300.0,1200.0,1200.0,1200.0,1200.0,698.6,3.0
max,609.0,1195.2,2000.0,2100.0,2200.0,1900.0,1400.0,2000.0,1700.0,1900.0,1900.0,1500.0,2200.0,2000.0,1696.6000000000001,2000.0,2000.0,2100.0,2000.0,2000.0,1900.0,2100.0,2200.0,1197.6,5.75
packs,36.0,36.0,36.0,36.0,36.0,36.0,36.0,36.0,36.0,36.0,36.0,36.0,36.0,36.0,36.0,36.0,36.0,36.0,36.0,36.0,36.0,36.0,36.0,36.0,36.0
count,453.0,498.0,500.0,500.0,500.0,500.0,500.0,500.0,500.0,500.0,499.0,500.0,500.0,500.0,500.0,500.0,500.0,500.0,500.0,500.0,500.0,500.0,500.0,500.0,500.0
mean,225.8,548.0,1024.4,1008.4,1070.0,1035.8,812.4,1005.6,999.2,1063.4,1014.5999999999999,799.8,1004.0,1070.0,800.4,988.0,1065.2,1011.4,1081.0,1017.2,1024.6,1011.4,1005.8,513.6,2.273833333333333
std,113.96715409445557,213.63212292083318,303.4944113413472,309.2583409431115,311.4064031066021,290.3566323470084,248.05099999232897,309.58087899817485,313.61771656634545,294.2338987512294,317.65436092087293,242.27536958886026,301.140118120258,289.94505733422164,248.4417166523092,317.58103758074367,299.01133013834476,308.48072990292746,303.71612893283736,298.19792757163157,295.41391090724727,302.97463137119087,301.6095101172812,202.6256506679676,1.049399169106366
min,90.60000000000001,99.6,300.0,300.0,300.0,300.0,100.0,300.0,100.0,100.0,299.4,200.0,300.0,200.0,200.0,300.0,400.0,300.0,400.0,300.0,200.0,100.0,100.0,100.0,0.9583333333333334
25%,181.20000000000002,398.4,800.0,800.0,900.0,800.0,600.0,800.0,800.0,875.0,798.4,600.0,800.0,900.0,600.0,800.0,900.0,800.0,900.0,800.0,800.0,800.0,800.0,400.0,1.0
50%,181.20000000000002,498.00000000000006,1000.0,1000.0,1100.0,1000.0,800.0,1000.0,1000.0,1100.0,998.0,800.0,1000.0,1100.0,800.0,1000.0,1000.0,1000.0,1000.0,1000.0,1000.0,1000.0,1000.0,500.0,2.0
75%,271.8,697.1999999999999,1200.0,1200.0,1300.0,1200.0,1000.0,1200.0,1200.0,1300.0,1197.6,1000.0,1200.0,1300.0,1000.0,1200.0,1200.0,1200.0,1300.0,1200.0,1200.0,1200.0,1200.0,600.0,3.0
max,634.2,1195.2,2000.0,2000.0,2000.0,2300.0,1500.0,1900.0,2100.0,2100.0,1996.0,1600.0,1800.0,2000.0,1600.0,2100.0,2300.0,2200.0,2100.0,2000.0,1900.0,1900.0,1900.0,1100.0,5.75
packs,37.0,37.0,37.0,37.0,37.0,37.0,37.0,37.0,37.0,37.0,37.0,37.0,37.0,37.0,37.0,37.0,37.0,37.0,37.0,37.0,37.0,37.0,37.0,37.0,37.0
count,459.0,499.0,500.0,500.0,500.0,500.0,500.0,500.0,500.0,500.0,500.0,500.0,500.0,500.0,500.0,500.0,500.0,500.0,500.0,500.0,500.0,500.0,500.0,499.0,500.0
mean,236.2,543.0,1033.8,1028.6,1062.4,1082.6,829.6,1057.6,1037.0,1112.0,1057.6,822.6,1021.2,1085.4,830.4,1007.2,1105.4,1032.0,1094.6,1044.6,1052.6,1052.8,1032.6,538.1999999999999,2.309
std,125.08271848213923,218.31241752723625,309.4982039956825,310.2168741671479,311.6737413419426,291.6974714145793,249.8172478325491,312.5982651114708,303.7689106906834,316.2531139200502,304.61092500313003,230.51141191282505,296.253425607821,303.49804303199136,248.51430284278382,298.2718427615465,289.41036041134885,284.3549110370027,292.98895038908927,300.4186124150279,304.56322416705217,299.65270478834987,315.3984660469508,199.4503455030478,1.0770259063454377
min,91.8,99.8,300.0,300.0,100.0,400.0,200.0,400.0,200.0,100.0,100.0,200.0,300.0,300.0,100.0,200.0,300.0,300.0,200.0,300.0,300.0,100.0,100.0,99.8,1.0
25%,183.6,399.2,800.0,800.0,800.0,900.0,700.0,900.0,800.0,900.0,800.0,700.0,800.0,900.0,700.0,800.0,900.0,800.0,900.0,800.0,800.0,900.0,800.0,399.2,1.0
50%,183.6,499.0,1000.0,1000.0,1100.0,1100.0,800.0,1000.0,1000.0,1100.0,1100.0,800.0,1000.0,1100.0,800.0,1000.0,1100.0,1000.0,1100.0,1000.0,1050.0,1050.0,1000.0,499.0,2.0
75%,275.4,698.6,1200.0,1200.0,1300.0,1300.0,1000.0,1300.0,1200.0,1300.0,1300.0,1000.0,1200.0,1300.0,1000.0,1200.0,1300.0,1200.0,1300.0,1225.0,1300.0,1200.0,1200.0,698.6,3.0
max,734.4,1197.6,2200.0,2000.0,2200.0,2100.0,1700.0,1900.0,2300.0,2100.0,1900.0,1700.0,1900.0,2200.0,1500.0,1900.0,1900.0,2000.0,1900.0,2200.0,2200.0,2000.0,2000.0,1197.6,5.75
packs,38.0,38.0,38.0,38.0,38.0,38.0,38.0,38.0,38.0,38.0,38.0,38.0,38.0,38.0,38.0,38.0,38.0,38.0,38.0,38.0,38.0,38.0,38.0,38.0,38.0
count,455.0,499.0,500.0,500.0,500.0,500.0,500.0,500.0,500.0,500.0,500.0,499.0,500.0,500.0,500.0,500.0,500.0,500.0,500.0,500.0,500.0,500.0,500.0,499.0,500.0
mean,240.6,580.8,1073.8,1077.8,1111.4,1114.4,859.4,1060.6,1016.6,1130.2,1097.0,820.0,1050.4,1102.0,844.0,1076.0,1130.8,1097.8,1114.2,1071.4,1096.2,1027.2,1052.2,555.1999999999999,2.466166666666667
std,120.36811379839455,218.7133805034456,309.00571039726145,322.82439682026006,307.5047289337731,305.58042934323396,258.50588113457366,315.8276971206564,304.9761645142841,311.93359089758275,295.1359185542175,273.9576726899665,306.8683371622192,305.0608533530597,255.6456716215584,317.84595656419543,317.5106076526324,313.6429559349536,302.9883890974301,316.35771589897666,289.22805142562316,304.04777601587614,314.9182544947626,199.03615138520172,1.1066398833589268
min,91.0,99.8,300.0,100.0,200.0,300.0,300.0,200.0,300.0,200.0,300.0,199.6,300.0,400.0,200.0,200.0,300.0,300.0,100.0,200.0,400.0,300.0,300.0,99.8,1.0
25%,182.0,399.2,900.0,900.0,900.0,900.0,700.0,900.0,800.0,900.0,900.0,598.8,800.0,900.0,700.0,800.0,900.0,900.0,900.0,900.0,900.0,800.0,800.0,399.2,2.0
50%,182.0,598.8,1100.0,1100.0,1100.0,1100.0,800.0,1100.0,1000.0,1100.0,1100.0,798.4,1000.0,1100.0,800.0,1100.0,1100.0,1100.0,1100.0,1050.0,1100.0,1000.0,1000.0,499.0,2.0
75%,273.0,698.6,1300.0,1300.0,1300.0,1300.0,1000.0,1200.0,1200.0,1300.0,1300.0,998.0,1200.0,1300.0,1000.0,1300.0,1300.0,1300.0,1300.0,1300.0,1300.0,1200.0,1200.0,698.6,3.0
max,728.0,1497.0,1900.0,2200.0,2300.0,2100.0,1600.0,2000.0,2000.0,2100.0,2100.0,1796.3999999999999,2000.0,1900.0,1700.0,2200.0,2300.0,2100.0,2000.0,2200.0,2000.0,2000.0,2500.0,1197.6,6.708333333333333
packs,39.0,39.0,39.0,39.0,39.0,39.0,39.0,39.0,39.0,39.0,39.0,39.0,39.0,39.0,39.0,39.0,39.0,39.0,39.0,39.0,39.0,39.0,39.0,39.0,39.0
count,460.0,497.0,500.0,500.0,500.0,500.0,500.0,500.0,500.0,500.0,500.0,500.0,500.0,500.0,500.0,500.0,500.0,500.0,500.0,500.0,500.0,500.0,500.0,499.0,500.0
mean,236.4,586.4,1089.8,1081.8,1150.8,1129.0,869.2,1090.4,1082.2,1138.2,1091.4,863.8,1073.4,1176.8,860.2,1099.0,1163.0,1116.6,1150.8,1080.2,1111.4,1104.2,1071.0,584.0,2.4165
std,126.13336649670003,212.6920354302997,315.52348587748673,309.7105119339749,305.8864053631216,310.3088512536062,259.43394524211317,312.57518534423997,304.5137389913121,300.2349781157558,327.1698645053987,252.26342118375916,305.58010144116645,318.28347229706253,263.01009223456515,309.7917718141777,309.45520685569375,313.08222715753743,327.22088413490366,302.4084352716486,326.34804441299224,315.0887523281137,321.97256508176383,206.54464982051195,1.1816423488579624
min,92.0,99.4,300.0,300.0,400.0,200.0,200.0,300.0,300.0,400.0,300.0,300.0,300.0,400.0,200.0,200.0,400.0,400.0,200.0,300.0,400.0,300.0,200.0,99.8,0.9583333333333334
25%,92.0,497.0,875.0,900.0,900.0,900.0,700.0,900.0,900.0,900.0,900.0,700.0,900.0,1000.0,700.0,900.0,900.0,900.0,900.0,900.0,900.0,900.0,900.0,399.2,1.0
50%,184.0,596.4000000000001,1100.0,1100.0,1100.0,1100.0,900.0,1100.0,1100.0,1100.0,1100.0,850.0,1100.0,1200.0,800.0,1100.0,1100.0,1100.0,1100.0,1100.0,1100.0,1100.0,1100.0,598.8,2.0
75%,368.0,695.8000000000001,1300.0,1300.0,1400.0,1300.0,1000.0,1300.0,1300.0,1300.0,1300.0,1000.0,1300.0,1400.0,1000.0,1300.0,1400.0,1300.0,1400.0,1300.0,1300.0,1300.0,1300.0,698.6,3.0
max,828.0000000000001,1391.6000000000001,2100.0,2000.0,2000.0,2100.0,1900.0,2100.0,2200.0,2400.0,2000.0,2000.0,2000.0,2200.0,1700.0,2000.0,2100.0,2000.0,2200.0,2200.0,2200.0,2100.0,2100.0,1397.2,6.708333333333333
packs,40.0,40.0,40.0,40.0,40.0,40.0,40.0,40.0,40.0,40.0,40.0,40.0,40.0,40.0,40.0,40.0,40.0,40.0,40.0,40.0,40.0,40.0,40.0,40.0,40.0
count,460.0,500.0,500.0,500.0,500.0,500.0,500.0,500.0,500.0,500.0,500.0,500.0,500.0,500.0,500.0,500.0,500.0,500.0,500.0,500.0,500.0,500.0,500.0,500.0,500.0
mean,239.8,600.2,1103.6,1104.8,1138.2,1155.6,910.4,1124.4,1089.2,1205.2,1151.6,900.2,1104.2,1180.2,862.0,1119.6,1178.2,1130.2,1191.0,1150.0,1144.2,1105.2,1124.6,587.4,2.466166666666667
std,127.08055531089862,231.44566141618805,316.08045448495363,297.1760205237776,292.5952562293789,324.4057925445736,273.42524156604657,316.5518126629516,321.13800653064555,333.3394521816485,310.17714248383754,261.22104215727234,329.63567670796414,302.80578377133213,252.67308399342716,306.07712494210614,317.27920225626,329.79613548670324,316.89089554507353,324.63946396445124,318.91970707235737,301.8529283952063,333.58266560116573,222.89145610005963,1.1847949918825722
min,92.0,100.0,300.0,400.0,400.0,200.0,200.0,400.0,300.0,300.0,400.0,300.0,200.0,300.0,100.0,200.0,400.0,300.0,300.0,300.0,300.0,300.0,300.0,100.0,1.0
25%,184.0,400.0,900.0,900.0,900.0,900.0,700.0,900.0,900.0,1000.0,900.0,700.0,900.0,1000.0,700.0,900.0,1000.0,900.0,1000.0,900.0,900.0,900.0,900.0,400.0,2.0
50%,184.0,600.0,1100.0,1100.0,1100.0,1100.0,900.0,1100.0,1100.0,1200.0,1100.0,900.0,1100.0,1200.0,900.0,1100.0,1200.0,1100.0,1200.0,1150.0,1100.0,1100.0,1100.0,600.0,2.0
75%,276.0,800.0,1300.0,1300.0,1300.0,1400.0,1100.0,1300.0,1300.0,1400.0,1300.0,1100.0,1300.0,1400.0,1000.0,1400.0,1400.0,1300.0,1400.0,1400.0,1300.0,1300.0,1300.0,700.0,3.0
max,736.0,1300.0,2000.0,2000.0,2000.0,2300.0,1900.0,2100.0,2200.0,2700.0,2100.0,1700.0,2600.0,2200.0,1800.0,2100.0,2000.0,2200.0,2100.0,2300.0,2200.0,2100.0,2000.0,1300.0,6.0
packs,41.0,41.0,41.0,41.0,41.0,41.0,41.0,41.0,41.0,41.0,41.0,41.0,41.0,41.0,41.0,41.0,41.0,41.0,41.0,41.0,41.0,41.0,41.0,41.0,41.0
count,460.0,500.0,500.0,500.0,500.0,500.0,500.0,500.0,500.0,500.0,500.0,500.0,500.0,500.0,500.0,500.0,500.0,500.0,500.0,500.0,500.0,500.0,500.0,500.0,500.0
mean,243.6,602.8,1122.0,1126.6,1198.6,1183.2,931.0,1168.2,1125.2,1203.6,1176.0,911.2,1114.8,1209.4,902.2,1138.2,1215.4,1212.8,1213.8,1131.8,1163.6,1172.0,1124.8,609.2,2.5068333333333332
std,128.60713852050117,240.30741834288273,314.7604617746536,313.15902853711344,302.5245149807345,326.0219941681277,263.8906526444357,322.5163462325194,306.25568580873784,317.21963462747124,334.2565704811495,273.5401404123966,321.22785475319336,324.00864680809497,251.43906459898554,310.4731020461972,316.96019866076267,333.1939321067921,339.67678849353626,324.25150435449376,333.07193491444957,307.5796001376582,319.41981472048997,219.11499895153472,1.2000666708451624
min,92.0,100.0,200.0,300.0,400.0,300.0,200.0,300.0,300.0,200.0,300.0,200.0,200.0,400.0,200.0,300.0,500.0,400.0,400.0,300.0,300.0,500.0,100.0,100.0,1.0
25%,184.0,400.0,900.0,900.0,1000.0,1000.0,800.0,900.0,900.0,1000.0,1000.0,700.0,900.0,1000.0,700.0,900.0,1000.0,1000.0,1000.0,900.0,900.0,1000.0,900.0,500.0,2.0
50%,184.0,600.0,1100.0,1100.0,1200.0,1200.0,900.0,1150.0,1100.0,1200.0,1200.0,900.0,1100.0,1200.0,900.0,1100.0,1200.0,1200.0,1200.0,1100.0,1200.0,1200.0,1100.0,600.0,2.0
75%,276.0,800.0,1300.0,1300.0,1400.0,1400.0,1100.0,1400.0,1300.0,1400.0,1400.0,1100.0,1300.0,1400.0,1100.0,1300.0,1400.0,1400.0,1400.0,1400.0,1400.0,1400.0,1300.0,800.0,3.0
max,828.0000000000001,1400.0,2100.0,2100.0,2400.0,2100.0,1900.0,2100.0,2000.0,2300.0,2300.0,1900.0,2200.0,2500.0,1800.0,2000.0,2100.0,2300.0,2200.0,2100.0,2800.0,2200.0,2100.0,1400.0,6.708333333333333
packs,42.0,42.0,42.0,42.0,42.0,42.0,42.0,42.0,42.0,42.0,42.0,42.0,42.0,42.0,42.0,42.0,42.0,42.0,42.0,42.0,42.0,42.0,42.0,42.0,42.0
count,465.0,500.0,500.0,500.0,500.0,500.0,500.0,500.0,500.0,500.0,500.0,500.0,500.0,500.0,500.0,500.0,500.0,500.0,500.0,500.0,500.0,500.0,500.0,499.0,500.0
mean,266.2,618.4,1170.8,1182.2,1219.4,1219.4,934.2,1181.8,1157.0,1238.4,1213.2,922.4,1173.2,1224.0,940.6,1177.6,1243.6,1188.6,1242.0,1150.4,1167.8,1176.4,1174.2,618.2,2.6628333333333334
std,137.5618230920694,223.52038548072278,322.60736355831074,335.03381219008514,314.83628089458665,317.0562873982434,256.9482531748742,333.5134516700785,303.30675887615814,318.8868414269716,325.5729649571998,265.7055492039177,320.57338409353065,320.60813956965694,267.871518270609,338.8330794232211,328.6259728933796,341.8827395690377,330.4760639709258,350.17865466124675,326.85904250507537,318.44285469045593,327.8556674473612,212.89215060956252,1.2578435832203407
min,93.0,100.0,300.0,300.0,400.0,100.0,300.0,300.0,300.0,400.0,400.0,400.0,400.0,300.0,100.0,400.0,100.0,300.0,400.0,300.0,300.0,200.0,300.0,99.8,0.9583333333333334
25%,186.0,500.0,900.0,1000.0,1000.0,1000.0,775.0,900.0,900.0,1000.0,1000.0,700.0,900.0,1000.0,700.0,900.0,1000.0,900.0,1000.0,900.0,900.0,1000.0,900.0,499.0,2.0
50%,279.0,600.0,1200.0,1200.0,1200.0,1200.0,900.0,1200.0,1150.0,1200.0,1200.0,900.0,1200.0,1200.0,950.0,1200.0,1200.0,1200.0,1200.0,1100.0,1100.0,1200.0,1200.0,598.8,3.0
75%,372.0,800.0,1400.0,1400.0,1400.0,1400.0,1100.0,1400.0,1400.0,1500.0,1400.0,1100.0,1400.0,1500.0,1100.0,1400.0,1500.0,1400.0,1500.0,1400.0,1400.0,1400.0,1400.0,798.4,3.0
max,930.0000000000001,1400.0,2300.0,2200.0,2300.0,2100.0,1900.0,2400.0,2200.0,2300.0,2200.0,1800.0,2300.0,2200.0,1700.0,2400.0,2300.0,2300.0,2400.0,2400.0,2200.0,2200.0,2200.0,1397.2,6.708333333333333
packs,43.0,43.0,43.0,43.0,43.0,43.0,43.0,43.0,43.0,43.0,43.0,43.0,43.0,43.0,43.0,43.0,43.0,43.0,43.0,43.0,43.0,43.0,43.0,43.0,43.0
count,470.0,500.0,500.0,500.0,500.0,500.0,500.0,500.0,500.0,500.0,500.0,500.0,500.0,500.0,500.0,500.0,500.0,500.0,500.0,500.0,500.0,500.0,500.0,500.0,500.0
mean,270.4,626.4,1210.8,1177.4,1246.4,1260.6,957.6,1205.0,1176.4,1225.4,1231.4,964.4,1178.8,1300.4,941.0,1213.2,1275.6,1246.0,1260.2,1202.0,1214.2,1161.0,1215.2,640.2,2.6809166666666666
std,136.76709538310345,230.41097724907496,335.95996516905524,321.05356372662044,321.82943988509425,332.3982810341668,265.4489900765594,304.46740515464575,346.99257585053715,317.13718164852247,315.7109227973386,278.5099200227924,316.78267396600165,324.29952260328946,268.0348584993032,317.47021068021274,315.2831218029084,331.75914193359165,326.0806912935339,333.07337892948306,341.1320890863374,341.1330290179682,339.7643884802507,232.1027862969629,1.244281785538809
min,94.0,100.0,300.0,100.0,400.0,400.0,200.0,300.0,300.0,400.0,500.0,300.0,400.0,500.0,200.0,400.0,600.0,500.0,300.0,300.0,400.0,200.0,400.0,100.0,0.9583333333333334
25%,188.0,500.0,1000.0,900.0,1000.0,1000.0,800.0,1000.0,900.0,1000.0,1000.0,800.0,975.0,1100.0,700.0,1000.0,1000.0,1000.0,1000.0,900.0,1000.0,900.0,1000.0,500.0,2.0
50%,282.0,600.0,1200.0,1200.0,1200.0,1200.0,900.0,1200.0,1200.0,1200.0,1200.0,1000.0,1200.0,1300.0,900.0,1200.0,1300.0,1200.0,1200.0,1200.0,1200.0,1100.0,1200.0,600.0,3.0
75%,376.0,800.0,1400.0,1400.0,1400.0,1500.0,1100.0,1400.0,1400.0,1400.0,1400.0,1100.0,1400.0,1500.0,1100.0,1400.0,1500.0,1500.0,1500.0,1400.0,1400.0,1400.0,1400.0,800.0,3.0
max,752.0,1500.0,2200.0,2400.0,2400.0,2300.0,1700.0,2000.0,2600.0,2100.0,2200.0,1800.0,2200.0,2500.0,1600.0,2300.0,2300.0,2300.0,2300.0,2300.0,2500.0,2500.0,2300.0,1400.0,6.708333333333333
packs,44.0,44.0,44.0,44.0,44.0,44.0,44.0,44.0,44.0,44.0,44.0,44.0,44.0,44.0,44.0,44.0,44.0,44.0,44.0,44.0,44.0,44.0,44.0,44.0,44.0
count,468.0,499.0,500.0,500.0,500.0,500.0,500.0,500.0,500.0,500.0,500.0,500.0,500.0,500.0,500.0,500.0,500.0,500.0,500.0,500.0,500.0,500.0,500.0,500.0,500.0
mean,267.8,641.0,1210.4,1243.0,1281.4,1262.6,968.0,1242.8,1219.8,1298.4,1244.0,985.0,1197.2,1280.8,985.6,1200.8,1340.4,1241.8,1292.4,1245.6,1240.4,1218.2,1240.0,652.6,2.70175
std,138.86989212173205,238.2347982903964,335.01688408981795,331.1046066140459,322.6177372817831,311.21527902691344,292.8267320276275,351.1905887966229,333.241744264191,340.04219943234926,319.6064714507301,270.3723403101908,342.61776642161374,320.9320094808538,271.03423975253844,318.1852348670107,346.3057830744118,334.32964664422224,327.65371035258494,339.8110992394637,332.4287257675408,331.70592041033956,339.5151558946439,226.1759295376155,1.339737716295094
min,93.60000000000001,99.8,300.0,500.0,500.0,500.0,300.0,500.0,400.0,500.0,300.0,100.0,100.0,500.0,200.0,500.0,400.0,300.0,500.0,400.0,400.0,400.0,300.0,100.0,1.0
25%,187.20000000000002,499.0,1000.0,1000.0,1000.0,1100.0,800.0,1000.0,1000.0,1100.0,1000.0,800.0,1000.0,1100.0,800.0,1000.0,1100.0,1000.0,1100.0,1000.0,1000.0,1000.0,1000.0,500.0,2.0
50%,280.8,598.8,1200.0,1200.0,1300.0,1300.0,1000.0,1200.0,1200.0,1300.0,1200.0,1000.0,1200.0,1300.0,1000.0,1200.0,1300.0,1200.0,1300.0,1200.0,1200.0,1200.0,1200.0,600.0,3.0
75%,374.40000000000003,798.4,1400.0,1500.0,1500.0,1400.0,1200.0,1500.0,1500.0,1500.0,1500.0,1200.0,1400.0,1500.0,1200.0,1400.0,1600.0,1400.0,1500.0,1500.0,1500.0,1400.0,1500.0,800.0,3.875
max,748.8000000000001,1497.0,2400.0,2500.0,2200.0,2400.0,2000.0,2300.0,2200.0,2200.0,2100.0,1800.0,2200.0,2400.0,1900.0,2300.0,2300.0,2200.0,2500.0,2400.0,2500.0,2300.0,2400.0,1400.0,6.708333333333333
packs,45.0,45.0,45.0,45.0,45.0,45.0,45.0,45.0,45.0,45.0,45.0,45.0,45.0,45.0,45.0,45.0,45.0,45.0,45.0,45.0,45.0,45.0,45.0,45.0,45.0
count,471.0,500.0,500.0,500.0,500.0,500.0,500.0,500.0,500.0,500.0,500.0,500.0,500.0,500.0,500.0,500.0,500.0,500.0,500.0,500.0,500.0,500.0,500.0,500.0,500.0
mean,268.79999999999995,658.4,1242.4,1275.0,1276.8,1290.6,1021.8,1280.4,1234.4,1350.2,1281.6,1009.8,1235.4,1334.6,999.2,1240.2,1334.2,1273.4,1332.0,1286.6,1254.8,1214.8,1262.6,642.0,2.7126666666666663
std,142.58964660573687,232.50280667170546,330.90971953838095,348.1341620547733,338.54243746379547,327.88207225557977,282.8157164284153,327.215494681899,337.7050924385326,323.52634915443036,336.106195642834,284.7562681742565,333.0295141794932,339.78485471690755,283.6198873156851,326.82961186278817,339.94335258382665,330.5919267678632,313.5803969170607,347.1043111308346,328.2261794094118,355.1806111446205,338.54166792559477,231.4803800166773,1.31572450923079
min,94.19999999999999,100.0,400.0,400.0,400.0,400.0,300.0,400.0,400.0,500.0,400.0,200.0,400.0,400.0,200.0,400.0,500.0,100.0,500.0,300.0,300.0,300.0,400.0,100.0,1.0
25%,188.39999999999998,500.0,1000.0,1000.0,1000.0,1100.0,800.0,1100.0,1000.0,1100.0,1000.0,800.0,1000.0,1100.0,800.0,1000.0,1100.0,1100.0,1100.0,1000.0,1000.0,1000.0,1000.0,500.0,2.0
50%,282.59999999999997,600.0,1200.0,1300.0,1300.0,1300.0,1000.0,1300.0,1200.0,1300.0,1300.0,1000.0,1200.0,1300.0,1000.0,1200.0,1300.0,1300.0,1300.0,1300.0,1200.0,1200.0,1200.0,600.0,3.0
75%,376.79999999999995,800.0,1400.0,1500.0,1500.0,1500.0,1200.0,1500.0,1400.0,1600.0,1500.0,1200.0,1500.0,1600.0,1200.0,1425.0,1600.0,1500.0,1500.0,1500.0,1500.0,1400.0,1500.0,800.0,3.0
max,753.5999999999999,1400.0,2600.0,2600.0,2300.0,2200.0,2100.0,2200.0,2300.0,2400.0,2400.0,1900.0,2500.0,2300.0,1900.0,2200.0,2400.0,2300.0,2300.0,2400.0,2400.0,2500.0,2500.0,1700.0,7.666666666666667
packs,46.0,46.0,46.0,46.0,46.0,46.0,46.0,46.0,46.0,46.0,46.0,46.0,46.0,46.0,46.0,46.0,46.0,46.0,46.0,46.0,46.0,46.0,46.0,46.0,46.0
count,475.0,500.0,500.0,500.0,500.0,500.0,500.0,500.0,500.0,500.0,500.0,500.0,500.0,500.0,500.0,500.0,500.0,500.0,500.0,500.0,500.0,500.0,500.0,500.0,500.0
mean,285.6,681.2,1269.4,1290.4,1332.6,1327.0,1016.0,1266.4,1261.8,1383.0,1312.0,1039.0,1282.6,1355.2,1015.0,1275.8,1360.6,1320.0,1329.6,1289.4,1291.8,1279.0,1273.4,663.2,2.809
std,154.7030229712907,248.21317362122068,357.40609708911364,343.8375904073816,350.48955170119325,339.7673965634947,288.9827365848835,364.00004404412954,332.1768247270895,345.78915581689535,332.68206250024787,288.00154475203624,327.9211865818042,346.1105966164289,287.8205714724461,312.6497396759493,355.5847592938766,354.69934204406553,317.37247924349447,351.2754316170082,325.4606108555026,337.64924704203935,338.20290123653524,227.66075383709716,1.3844090030357663
min,95.0,100.0,500.0,500.0,400.0,500.0,400.0,400.0,300.0,400.0,400.0,300.0,400.0,400.0,200.0,500.0,500.0,400.0,500.0,400.0,500.0,400.0,300.0,100.0,1.0
25%,190.0,500.0,1000.0,1000.0,1100.0,1100.0,800.0,1000.0,1000.0,1100.0,1100.0,800.0,1100.0,1100.0,800.0,1100.0,1100.0,1100.0,1100.0,1000.0,1100.0,1000.0,1000.0,500.0,2.0
50%,284.99999999999994,700.0,1200.0,1300.0,1300.0,1300.0,1000.0,1250.0,1300.0,1400.0,1300.0,1000.0,1300.0,1350.0,1000.0,1300.0,1300.0,1300.0,1300.0,1300.0,1300.0,1300.0,1300.0,650.0,3.0
75%,380.0,800.0,1500.0,1500.0,1600.0,1525.0,1200.0,1500.0,1500.0,1600.0,1500.0,1200.0,1500.0,1600.0,1200.0,1500.0,1600.0,1500.0,1500.0,1500.0,1500.0,1500.0,1500.0,800.0,4.0
max,854.9999999999999,1500.0,2400.0,2400.0,2300.0,2500.0,2000.0,2400.0,2200.0,2300.0,2400.0,1900.0,2300.0,2500.0,1800.0,2300.0,2700.0,2800.0,2200.0,2600.0,2300.0,2300.0,2400.0,1400.0,7.666666666666667
packs,47.0,47.0,47.0,47.0,47.0,47.0,47.0,47.0,47.0,47.0,47.0,47.0,47.0,47.0,47.0,47.0,47.0,47.0,47.0,47.0,47.0,47.0,47.0,47.0,47.0
count,471.0,500.0,500.0,500.0,500.0,500.0,500.0,500.0,500.0,500.0,500.0,500.0,500.0,500.0,500.0,500.0,500.0,500.0,500.0,500.0,500.0,500.0,500.0,500.0,500.0
mean,290.59999999999997,713.2,1302.0,1286.0,1351.0,1347.6,1039.8,1308.2,1286.0,1391.2,1338.8,1037.4,1277.6,1391.6,1015.6,1313.6,1402.8,1321.4,1377.0,1344.4,1319.8,1324.8,1316.2,703.4,2.987166666666667
std,147.77267187538936,235.23697172368855,362.959335129868,370.6193700211441,349.54737409036125,331.1095090963533,295.5853538367651,346.97773285066637,340.81712490021755,329.08837463002743,339.5956572467347,287.16923989990534,350.57673638761656,344.21855386607405,284.10926798030476,372.5757175805494,328.76790700028295,347.51052809126304,352.3909174729605,363.3906238347131,352.52874070925355,363.1648902013381,350.60434511515575,233.2321471601586,1.3809404479626979
min,94.19999999999999,200.0,400.0,400.0,400.0,400.0,300.0,500.0,500.0,500.0,400.0,300.0,400.0,400.0,100.0,400.0,400.0,400.0,500.0,500.0,300.0,400.0,400.0,100.0,1.0
25%,188.39999999999998,500.0,1000.0,1000.0,1100.0,1100.0,800.0,1100.0,1100.0,1200.0,1100.0,800.0,1000.0,1200.0,800.0,1100.0,1200.0,1100.0,1100.0,1100.0,1100.0,1100.0,1100.0,500.0,2.0
50%,282.59999999999997,700.0,1300.0,1300.0,1300.0,1300.0,1000.0,1300.0,1300.0,1400.0,1300.0,1000.0,1300.0,1400.0,1000.0,1300.0,1400.0,1300.0,1400.0,1300.0,1300.0,1300.0,1300.0,700.0,3.0
75%,376.79999999999995,900.0,1525.0,1500.0,1600.0,1600.0,1200.0,1500.0,1500.0,1600.0,1600.0,1200.0,1500.0,1600.0,1200.0,1500.0,1600.0,1500.0,1600.0,1600.0,1500.0,1600.0,1500.0,900.0,4.0
max,847.8,1400.0,2500.0,2400.0,2600.0,2300.0,2000.0,2600.0,2200.0,2400.0,2400.0,1900.0,2300.0,2700.0,2000.0,2500.0,2500.0,2500.0,2500.0,2400.0,2500.0,2700.0,2400.0,1500.0,7.666666666666667
packs,48.0,48.0,48.0,48.0,48.0,48.0,48.0,48.0,48.0,48.0,48.0,48.0,48.0,48.0,48.0,48.0,48.0,48.0,48.0,48.0,48.0,48.0,48.0,48.0,48.0
count,485.0,500.0,500.0,500.0,500.0,500.0,500.0,500.0,500.0,500.0,500.0,500.0,500.0,500.0,500.0,500.0,500.0,500.0,500.0,500.0,500.0,500.0,500.0,499.0,500.0
mean,287.8,728.2,1326.0,1364.2,1402.4,1387.4,1084.8,1351.6,1329.6,1401.0,1373.2,1053.0,1315.4,1403.0,1056.2,1297.8,1418.0,1348.0,1415.0,1355.0,1360.2,1322.8,1329.4,690.0,2.826666666666667
std,142.97099630737685,249.3775015444519,335.3638887473598,333.8881888376565,378.4715596222334,350.5810235997043,283.42480349905327,332.62398806290224,334.8254113896143,327.6487561624943,334.94198343075635,274.59388851031343,350.5261433250145,347.40809542890486,279.2445434203865,351.5427778369207,363.896745909285,362.98694058888145,356.4394733982094,359.9084163176412,348.53825878326666,346.52607498034337,358.8498103284235,241.13507687850975,1.2812656307598618
min,97.0,100.0,300.0,400.0,300.0,400.0,400.0,500.0,600.0,500.0,500.0,300.0,500.0,400.0,300.0,400.0,100.0,400.0,500.0,500.0,500.0,400.0,500.0,99.8,1.0
25%,194.0,600.0,1100.0,1100.0,1100.0,1100.0,900.0,1100.0,1100.0,1200.0,1100.0,900.0,1100.0,1200.0,900.0,1100.0,1200.0,1100.0,1200.0,1100.0,1100.0,1100.0,1100.0,499.0,2.0
50%,291.0,700.0,1300.0,1400.0,1400.0,1400.0,1100.0,1400.0,1300.0,1400.0,1350.0,1050.0,1300.0,1400.0,1000.0,1300.0,1400.0,1300.0,1400.0,1400.0,1350.0,1300.0,1300.0,698.6,3.0
75%,388.0,900.0,1500.0,1600.0,1600.0,1600.0,1300.0,1600.0,1500.0,1600.0,1600.0,1200.0,1500.0,1600.0,1200.0,1500.0,1700.0,1600.0,1600.0,1600.0,1600.0,1500.0,1600.0,798.4,4.0
max,873.0,1500.0,2400.0,2300.0,3000.0,2600.0,2100.0,2400.0,2400.0,2600.0,2500.0,2100.0,2400.0,2500.0,1800.0,2300.0,2500.0,2500.0,2600.0,2500.0,2700.0,2400.0,2400.0,1497.0,6.708333333333333
packs,49.0,49.0,49.0,49.0,49.0,49.0,49.0,49.0,49.0,49.0,49.0,49.0,49.0,49.0,49.0,49.0,49.0,49.0,49.0,49.0,49.0,49.0,49.0,49.0,49.0
count,481.0,500.0,500.0,500.0,500.0,500.0,500.0,500.0,500.0,500.0,500.0,500.0,500.0,500.0,500.0,500.0,500.0,500.0,500.0,500.0,500.0,500.0,500.0,500.0,500.0
mean,305.79999999999995,736.8,1361.6,1362.8,1405.4,1427.4,1080.8,1384.6,1343.0,1443.8,1407.4,1079.0,1338.2,1448.2,1078.0,1354.2,1442.8,1407.0,1425.0,1379.2,1353.2,1374.2,1342.0,719.6,3.024916666666667
std,156.27095219521766,245.7774870615545,327.75033266363323,342.41883902998865,330.16489473508665,348.7010536974321,294.08218010840886,353.8831821565224,363.09044236756955,350.6957870721293,351.01518959534116,292.14670869068095,344.90386683061325,341.48203460785436,288.2397688186995,357.7965857768729,343.63400393051126,368.6771564545094,344.60485343363933,354.9921108948693,336.9820080471582,369.5775088802622,351.1161704197921,251.8386097697124,1.441342472748061
min,96.2,200.0,400.0,400.0,500.0,600.0,300.0,300.0,400.0,600.0,500.0,400.0,400.0,600.0,100.0,500.0,600.0,400.0,500.0,500.0,600.0,300.0,500.0,100.0,1.0
25%,192.4,600.0,1100.0,1100.0,1200.0,1200.0,900.0,1100.0,1100.0,1200.0,1200.0,900.0,1100.0,1200.0,900.0,1100.0,1200.0,1100.0,1200.0,1100.0,1100.0,1100.0,1100.0,500.0,2.0
50%,288.6,700.0,1400.0,1350.0,1400.0,1400.0,1100.0,1400.0,1300.0,1400.0,1400.0,1100.0,1300.0,1400.0,1100.0,1300.0,1400.0,1400.0,1400.0,1400.0,1300.0,1400.0,1300.0,700.0,3.0
75%,384.8,900.0,1600.0,1600.0,1600.0,1700.0,1300.0,1600.0,1600.0,1700.0,1600.0,1300.0,1600.0,1700.0,1300.0,1600.0,1600.0,1600.0,1600.0,1600.0,1600.0,1600.0,1600.0,900.0,4.0
max,865.8,1400.0,2300.0,2200.0,2400.0,2900.0,2000.0,2700.0,2400.0,2800.0,2900.0,1900.0,2400.0,2500.0,2000.0,2600.0,2600.0,2800.0,2500.0,2600.0,2300.0,3100.0,2800.0,1600.0,7.666666666666667
packs,50.0,50.0,50.0,50.0,50.0,50.0,50.0,50.0,50.0,50.0,50.0,50.0,50.0,50.0,50.0,50.0,50.0,50.0,50.0,50.0,50.0,50.0,50.0,50.0,50.0
